,Candidate,Raised,Spent,Cash on Hand,Last Report,state,district
0,Jerry Carl (R)  • Winner,"$1,971,321","$1,859,349","$111,973",12/31/2020,AL,01
1,James Averhart (D),"$80,095","$78,973","$1,122",12/31/2020,AL,01
2,Barry Moore (R)  • Winner,"$650,807","$669,368","-$13,633",12/31/2020,AL,02
3,Phyllis Harvey-Hall (D),"$56,050","$55,988",$0,12/31/2020,AL,02
4,Mike D Rogers (R)  • Incumbent • Winner,"$1,193,111","$1,218,564","$502,234",12/31/2020,AL,03
5,Adia Winfrey (D),"$50,273","$40,971",$43,12/31/2020,AL,03
6,Robert B Aderholt (R)  • Incumbent • Winner,"$1,255,076","$1,323,812","$647,004",12/31/2020,AL,04
7,Rick Neighbors (D),"$46,068","$45,034","$1,034",12/31/2020,AL,04
8,Mo Brooks (R)  • Incumbent • Winner,"$655,365","$210,045","$1,137,501",12/31/2020,AL,05
9,Gary Palmer (R)  • Incumbent • Winner,"$907,219","$909,082","$370,688",12/31/2020,AL,06
10,Terri Sewell (D)  • Incumbent • Winner,"$2,168,165","$1,495,957","$2,243,480",12/31/2020,AL,07
11,Don Young (R)  • Incumbent • Winner,"$1,922,901","$1,790,448","$249,173",12/31/2020,AK,01
12,Alyse Galvin (I),"$5,178,452","$5,088,103","$96,594",12/31/2020,AK,01
13,Tom O'Halleran (D)  • Incumbent • Winner,"$3,381,353","$3,324,138","$63,147",12/31/2020,AZ,01
14,Tiffany Shedd (R),"$1,675,618","$1,615,704","$63,347",12/31/2020,AZ,01
15,Ann Kirkpatrick (D)  • Incumbent • Winner,"$1,849,862","$1,384,765","$537,288",12/31/2020,AZ,02
16,Brandon Martin (R),"$374,821","$381,067","-$7,418",12/31/2020,AZ,02
17,Raul M Grijalva (D)  • Incumbent • Winner,"$843,560","$655,507","$226,209",12/31/2020,AZ,03
18,Daniel Wood (R),"$41,422","$41,962",-$539,11/23/2020,AZ,03
19,Paul Gosar (R)  • Incumbent • Winner,"$622,151","$729,892","$13,459",12/31/2020,AZ,04
20,Delina DiSanto (D),"$77,168","$79,758","$5,974",12/31/2020,AZ,04
21,Andy Biggs (R)  • Incumbent • Winner,"$1,602,181","$1,236,380","$651,047",12/31/2020,AZ,05
22,Joan Greene (D),"$356,069","$209,789","$147,117",12/31/2020,AZ,05
23,David Schweikert (R)  • Incumbent • Winner,"$2,265,329","$2,249,979","$59,582",12/31/2020,AZ,06
24,Hiral Tipirneni (D),"$6,301,073","$6,366,702","$34,973",12/31/2020,AZ,06
25,Tom Lewellen (I),"$11,685","$11,000","-$3,293",12/31/2020,AZ,06
26,Ruben Gallego (D)  • Incumbent • Winner,"$1,811,754","$1,653,961","$616,971",12/31/2020,AZ,07
27,Josh Barnett (R),"$28,093","$17,883","$10,210",10/14/2020,AZ,07
28,Debbie Lesko (R)  • Incumbent • Winner,"$1,605,245","$987,453","$688,633",12/31/2020,AZ,08
29,Michael Muscato (D),"$357,906","$347,734","$10,172",12/31/2020,AZ,08
30,Greg Stanton (D)  • Incumbent • Winner,"$2,001,619","$1,001,350","$1,044,655",12/31/2020,AZ,09
31,Dave Giles (R),"$130,480","$129,935",$546,12/31/2020,AZ,09
32,Rick Crawford (R)  • Incumbent • Winner,"$966,801","$1,095,518","$182,708",12/31/2020,AR,01
33,French Hill (R)  • Incumbent • Winner,"$3,384,490","$3,020,491","$410,779",12/31/2020,AR,02
34,Joyce Elliott (D),"$3,482,463","$3,478,733","$3,730",12/31/2020,AR,02
35,Steve Womack (R)  • Incumbent • Winner,"$1,127,158","$923,120","$1,363,257",12/31/2020,AR,03
36,Celeste Williams (D) (D),"$355,294","$355,294",$0,11/30/2020,AR,03
37,Bruce Westerman (R)  • Incumbent • Winner,"$1,407,770","$1,102,573","$976,806",12/31/2020,AR,04
38,William Hanson (D),"$109,767","$111,683","-$1,916",12/31/2020,AR,04
39,Doug LaMalfa (R)  • Incumbent • Winner,"$1,219,556","$1,155,945","$91,242",12/31/2020,CA,01
40,Audrey Denney (D),"$2,461,769","$2,457,661","$4,601",12/31/2020,CA,01
41,Jared Huffman (D)  • Incumbent • Winner,"$899,419","$797,753","$922,442",12/31/2020,CA,02
42,Dale Mensing (R),"$5,921","$2,197","$5,391",12/31/2020,CA,02
43,John Garamendi (D)  • Incumbent • Winner,"$1,054,066","$667,320","$1,111,122",12/31/2020,CA,03
44,Tamika Hamilton (R),"$397,099","$384,584","$12,515",12/31/2020,CA,03
45,Tom McClintock (R)  • Incumbent • Winner,"$2,053,363","$2,107,248","$171,001",12/31/2020,CA,04
46,Brynne Kennedy (D),"$3,006,020","$3,002,532","$3,489",12/31/2020,CA,04
47,Mike Thompson (D)  • Incumbent • Winner,"$2,208,136","$2,022,751","$1,746,172",12/31/2020,CA,05
48,Doris Matsui (D)  • Incumbent • Winner,"$1,019,605","$1,073,529","$269,411",12/31/2020,CA,06
49,Christine Bish (R),"$44,772","$44,554",$965,12/31/2020,CA,06
50,Ami Bera (D)  • Incumbent • Winner,"$1,757,748","$1,053,444","$2,029,018",12/31/2020,CA,07
51,Buzz Patterson (R),"$43,876","$29,614","$3,532",12/31/2019,CA,07
52,Jay Obernolte (R)  • Winner,"$1,861,647","$1,792,064","$69,583",12/31/2020,CA,08
53,Chris Bubser (D),"$1,858,001","$1,856,613","$1,388",12/31/2020,CA,08
54,Jerry McNerney (D)  • Incumbent • Winner,"$1,177,959","$1,112,543","$234,173",12/31/2020,CA,09
55,Tony Amador (R),"$52,175","$52,175",$0,12/31/2020,CA,09
56,Josh Harder (D)  • Incumbent • Winner,"$7,400,135","$3,950,613","$3,469,763",12/31/2020,CA,10
57,Ted Howze (R),"$1,426,552","$1,721,882","$14,241",12/31/2020,CA,10
58,Mark Desaulnier (D)  • Incumbent • Winner,"$610,394","$440,537","$481,388",12/31/2020,CA,11
59,Nisha Sharma (R),"$174,954","$171,870","$3,085",12/31/2020,CA,11
60,Nancy Pelosi (D)  • Incumbent • Winner,"$27,359,508","$22,064,953","$6,299,373",12/31/2020,CA,12
61,Shahid Buttar (D),"$1,672,876","$1,650,467","$22,417",12/31/2020,CA,12
62,Barbara Lee (D)  • Incumbent • Winner,"$1,828,213","$1,750,142","$210,374",12/31/2020,CA,13
63,Nikka Piterman (R),"$9,839","$9,904","$1,293",12/31/2020,CA,13
64,Jackie Speier (D)  • Incumbent • Winner,"$942,934","$919,599","$1,779,772",12/31/2020,CA,14
65,Eric Swalwell (D)  • Incumbent • Winner,"$2,807,774","$3,977,839","$502,929",12/31/2020,CA,15
66,Jim Costa (D)  • Incumbent • Winner,"$2,135,525","$1,835,244","$410,171",12/31/2020,CA,16
67,Kevin Cookingham (R),"$265,364","$265,364",$0,12/31/2020,CA,16
68,Ro Khanna (D)  • Incumbent • Winner,"$3,837,982","$2,455,457","$2,261,128",12/31/2020,CA,17
69,Ritesh Tandon (R),"$175,536","$175,015",$522,12/31/2020,CA,17
70,Anna Eshoo (D)  • Incumbent • Winner,"$2,114,909","$2,059,158","$552,799",12/31/2020,CA,18
71,Rishi Kumar (D),"$674,383","$691,938","-$17,555",12/31/2020,CA,18
72,Zoe Lofgren (D)  • Incumbent • Winner,"$1,755,555","$1,731,700","$1,160,537",12/31/2020,CA,19
73,Justin Aguilera (R),"$9,112","$11,542","$1,441",12/31/2020,CA,19
74,Jimmy Panetta (D)  • Incumbent • Winner,"$2,009,894","$1,592,671","$1,175,357",12/31/2020,CA,20
75,Jeff Gorman (R),"$67,634","$64,947","$2,687",12/31/2020,CA,20
76,TJ Cox (D)  • Incumbent,"$5,695,157","$5,694,005","$55,943",12/31/2020,CA,21
77,David Valadao (R)  • Winner,"$4,067,880","$3,982,587","$164,211",12/31/2020,CA,21
78,Devin Nunes (R)  • Incumbent • Winner,"$26,825,212","$20,156,093","$10,908,033",12/31/2020,CA,22
79,Phil Arballo (D),"$5,091,451","$5,062,185","$29,266",12/31/2020,CA,22
80,Kevin McCarthy (R)  • Incumbent • Winner,"$27,780,644","$24,265,583","$4,802,133",12/31/2020,CA,23
81,Kim Mangone (D),"$1,671,101","$1,665,373","$5,728",12/31/2020,CA,23
82,Salud Carbajal (D)  • Incumbent • Winner,"$2,117,836","$1,451,622","$1,400,705",12/31/2020,CA,24
83,Andy Caldwell (R),"$1,298,798","$1,268,199","$34,587",12/31/2020,CA,24
84,Mike Garcia (R)  • Incumbent • Winner,"$9,962,507","$9,584,648","$377,858",12/31/2020,CA,25
85,Christy Smith (D),"$5,977,734","$5,808,477","$169,258",12/31/2020,CA,25
86,Julia Brownley (D)  • Incumbent • Winner,"$1,976,695","$1,314,677","$3,113,430",12/31/2020,CA,26
87,Ronda Kennedy (R),"$246,226","$67,208","$177,973",10/14/2020,CA,26
88,Judy Chu (D)  • Incumbent • Winner,"$1,213,706","$956,298","$2,781,770",12/31/2020,CA,27
89,Johnny Nalbandian (R),"$39,584","$39,159",$462,12/31/2020,CA,27
90,Adam Schiff (D)  • Incumbent • Winner,"$19,382,855","$10,188,664","$13,908,271",12/31/2020,CA,28
91,Eric Early (R),"$4,085,322","$3,790,027","$295,295",12/31/2020,CA,28
92,Tony Cardenas (D)  • Incumbent • Winner,"$1,419,697","$1,213,588","$529,789",12/31/2020,CA,29
93,Angelica Duenas (3),"$78,083","$76,627","$1,456",12/31/2020,CA,29
94,Brad Sherman (D)  • Incumbent • Winner,"$1,513,374","$1,111,826","$2,624,621",12/31/2020,CA,30
95,Pete Aguilar (D)  • Incumbent • Winner,"$2,475,748","$1,861,434","$1,839,594",12/31/2020,CA,31
96,Agnes Gibboney (R),"$138,687","$127,907","$10,780",12/31/2020,CA,31
97,Grace Napolitano (D)  • Incumbent • Winner,"$478,426","$251,047","$533,330",12/31/2020,CA,32
98,Joshua Scott (R),"$23,624","$14,248","$10,155",12/31/2020,CA,32
99,Ted Lieu (D)  • Incumbent • Winner,"$1,661,436","$1,582,573","$1,944,364",12/31/2020,CA,33
100,James Bradley (R),"$78,910","$79,035",$0,12/31/2020,CA,33
101,Jimmy Gomez (D)  • Incumbent • Winner,"$1,401,166","$1,268,312","$489,519",12/31/2020,CA,34
102,David Kim (D),"$193,430","$80,381","$99,638",11/23/2020,CA,34
103,Norma Torres (D)  • Incumbent • Winner,"$654,727","$664,600","$207,654",12/31/2020,CA,35
104,Mike Cargile (R),"$36,113","$35,915",$198,12/31/2020,CA,35
105,Raul Ruiz (D)  • Incumbent • Winner,"$2,402,624","$1,732,443","$2,316,172",12/31/2020,CA,36
106,Erin Cruz (R),"$54,217","$53,840",$782,12/31/2020,CA,36
107,Karen Bass (D)  • Incumbent • Winner,"$2,216,467","$1,202,942","$1,325,864",12/31/2020,CA,37
108,Errol Webber (R),"$66,398","$174,076",$0,12/31/2020,CA,37
109,Linda Sanchez (D)  • Incumbent • Winner,"$1,246,008","$1,140,165","$840,983",12/31/2020,CA,38
110,Gil Cisneros (D)  • Incumbent,"$4,370,133","$4,350,464","$101,108",12/31/2020,CA,39
111,Young Kim (R)  • Winner,"$6,424,556","$6,021,651","$408,239",12/31/2020,CA,39
112,Lucille Roybal-Allard (D)  • Incumbent • Winner,"$739,790","$741,379","$38,543",12/31/2020,CA,40
113,Antonio Delgado (R),"$85,014","$79,270","$5,744",12/31/2020,CA,40
114,Mark Takano (D)  • Incumbent • Winner,"$1,020,456","$949,494","$163,964",12/31/2020,CA,41
115,Aja Smith (R),"$660,658","$659,909","$1,016",12/31/2020,CA,41
116,Ken Calvert (R)  • Incumbent • Winner,"$1,441,812","$1,549,113","$410,599",12/31/2020,CA,42
117,Liam O'Mara (D),"$130,065","$128,782","$1,283",12/31/2020,CA,42
118,Maxine Waters (D)  • Incumbent • Winner,"$1,836,660","$1,906,957","$320,867",12/31/2020,CA,43
119,Joe Collins (R),"$10,556,626","$9,921,103","$635,523",12/31/2020,CA,43
120,Nanette Barragan (D)  • Incumbent • Winner,"$1,173,909","$714,023","$1,050,752",12/31/2020,CA,44
121,Katie Porter (D)  • Incumbent • Winner,"$16,627,706","$6,443,700","$10,267,752",12/31/2020,CA,45
122,Greg Raths (R),"$1,245,767","$1,241,713","$1,998",12/31/2020,CA,45
123,Lou Correa (D)  • Incumbent • Winner,"$1,192,715","$650,707","$1,145,701",12/31/2020,CA,46
124,Alan Lowenthal (D)  • Incumbent • Winner,"$678,648","$854,902","$393,035",12/31/2020,CA,47
125,John Briscoe (R),"$25,302","$21,538","$10,390",12/31/2020,CA,47
126,Harley Rouda (D)  • Incumbent,"$5,968,858","$6,174,443","$70,080",12/31/2020,CA,48
127,Michelle Steel (R)  • Winner,"$6,305,665","$6,148,591","$157,074",12/31/2020,CA,48
128,Mike Levin (D)  • Incumbent • Winner,"$3,845,768","$2,901,566","$1,502,261",12/31/2020,CA,49
129,Brian Maryott (R),"$2,810,253","$2,808,217","$11,794",12/31/2020,CA,49
130,Darrell Issa (R)  • Winner,"$11,239,670","$10,947,106","$292,563",12/31/2020,CA,50
131,Ammar Campa-Najjar (D),"$6,248,210","$6,247,762","$3,438",12/31/2020,CA,50
132,Juan Vargas (D)  • Incumbent • Winner,"$799,734","$801,671","$69,739",12/31/2020,CA,51
133,Juan Hidalgo (R),"$83,730","$81,182","-$8,419",12/31/2020,CA,51
134,Scott Peters (D)  • Incumbent • Winner,"$1,911,791","$2,131,849","$1,581,118",12/31/2020,CA,52
135,James Debello (R),"$233,464","$224,630","$8,835",12/31/2020,CA,52
136,Sara Jacobs (D)  • Winner,"$7,678,363","$7,586,186","$102,167",12/31/2020,CA,53
137,Georgette Gomez (D),"$1,691,794","$1,663,252","$28,542",12/31/2020,CA,53
138,Diana DeGette (D)  • Incumbent • Winner,"$1,201,026","$1,077,130","$277,373",12/31/2020,CO,01
139,Joseph Neguse (D)  • Incumbent • Winner,"$1,353,325","$674,602","$893,504",12/31/2020,CO,02
140,Charles Winn (R),"$98,338","$98,338",$0,12/31/2020,CO,02
141,Alex Johnson (I),"$4,782","$4,093",$689,09/30/2020,CO,02
142,Diane Mitsch Bush (D),"$5,008,274","$4,984,238","$28,455",12/31/2020,CO,03
143,Lauren Boebert (R)  • Winner,"$2,989,510","$2,632,716","$356,794",12/31/2020,CO,03
144,Chris Milton (3),"$12,012","$12,012",$0,11/04/2020,CO,03
145,Ken Buck (R)  • Incumbent • Winner,"$478,984","$539,393","$290,666",12/31/2020,CO,04
146,Ike McCorkle (D),"$369,871","$217,398","$152,473",12/31/2020,CO,04
147,Douglas L Lamborn (R)  • Incumbent • Winner,"$540,712","$329,011","$428,777",12/31/2020,CO,05
148,Jillian Freeland (D),"$185,255","$175,548",$553,12/31/2020,CO,05
149,Rebecca Keltie (3),"$2,552","$1,495","$2,596",09/11/2020,CO,05
150,Jason Crow (D)  • Incumbent • Winner,"$4,136,137","$2,892,443","$1,289,005",12/31/2020,CO,06
151,Steven House (R),"$1,200,056","$1,198,044","$2,012",12/31/2020,CO,06
152,Jaimie Kulikowski (3),"$72,293","$110,645",$0,12/31/2020,CO,06
153,Ed Perlmutter (D)  • Incumbent • Winner,"$1,632,262","$1,339,482","$1,053,696",12/31/2020,CO,07
154,Casper Stockham (R),"$147,872","$147,872",$0,12/31/2020,CO,07
155,Anthony Malgieri (I),"$1,930","$1,958",$15,08/20/2020,CO,07
156,John Larson (D)  • Incumbent • Winner,"$1,377,238","$1,323,690","$422,375",12/31/2020,CT,01
157,Mary Fay (R),"$26,836","$25,118","$1,718",12/31/2020,CT,01
158,Joe Courtney (D)  • Incumbent • Winner,"$964,731","$999,360","$715,813",12/31/2020,CT,02
159,Justin Anderson (R),"$80,227","$78,767","$1,460",12/31/2020,CT,02
160,Rosa L DeLauro (D)  • Incumbent • Winner,"$1,938,999","$1,795,635","$159,728",12/31/2020,CT,03
161,Margaret Streicker (R),"$1,839,080","$1,835,385","$3,695",12/31/2020,CT,03
162,Justin Paglino (3),"$29,200","$28,670",$529,12/31/2020,CT,03
163,Jim Himes (D)  • Incumbent • Winner,"$1,612,935","$2,180,029","$1,823,200",12/31/2020,CT,04
164,Jonathan Riddle (R),"$31,591","$17,385","$11,976",12/31/2020,CT,04
165,Jahana Hayes (D)  • Incumbent • Winner,"$2,037,826","$1,564,685","$1,029,607",12/31/2020,CT,05
166,David Sullivan (R),"$397,395","$397,370",$25,12/31/2020,CT,05
167,Lisa Blunt Rochester (D)  • Incumbent • Winner,"$2,024,201","$1,305,618","$963,766",12/31/2020,DE,01
168,Lee Murphy (R),"$131,394","$131,862",$247,12/03/2020,DE,01
169,Matthew Morris (R),"$10,070","$10,400",-$100,09/15/2020,DE,01
170,Catherine Purcell (I),"$5,344","$5,103",$0,11/25/2020,DE,01
171,Matt Gaetz (R)  • Incumbent • Winner,"$5,946,646","$4,482,782","$1,605,826",12/31/2020,FL,01
172,Phil Ehr (D),"$2,025,099","$1,900,451","$124,648",12/31/2020,FL,01
173,Bert Oram (I),"$8,108","$7,070","$1,039",12/31/2020,FL,01
174,Neal Dunn (R)  • Incumbent • Winner,"$653,488","$637,580","$402,063",12/31/2020,FL,02
175,Kristy Thripp (I),$145,$145,$0,09/30/2020,FL,02
176,Kat Cammack (R)  • Winner,"$1,122,188","$1,090,334","$31,853",12/31/2020,FL,03
177,Adam Christensen (D),"$216,021","$219,108","$43,481",12/31/2020,FL,03
178,John Rutherford (R)  • Incumbent • Winner,"$1,024,912","$1,283,701","$106,937",12/31/2020,FL,04
179,Donna Deegan (D),"$1,013,157","$1,013,157",$0,12/31/2020,FL,04
180,Al Lawson (D)  • Incumbent • Winner,"$848,498","$695,779","$167,392",12/31/2020,FL,05
181,Gary Adler (R),"$146,909","$146,909",$0,12/01/2020,FL,05
182,Michael Waltz (R)  • Incumbent • Winner,"$2,549,667","$1,716,768","$884,460",12/31/2020,FL,06
183,Clint Curtis (D),"$24,310","$22,251","$12,647",12/11/2020,FL,06
184,Gerry Nolan (I),"$4,467","$5,256",-$789,12/03/2020,FL,06
185,Stephanie Murphy (D)  • Incumbent • Winner,"$3,124,692","$1,798,549","$1,412,017",12/31/2020,FL,07
186,Leo Valentin (R),"$1,045,426","$1,031,316","$14,110",12/31/2020,FL,07
187,Bill Garlington (I),"$11,000",$0,"$11,000",12/31/2020,FL,07
188,Bill Posey (R)  • Incumbent • Winner,"$985,268","$1,121,834","$169,964",12/31/2020,FL,08
189,James Kennedy (D),"$138,568","$138,790",$836,12/31/2020,FL,08
190,Darren Soto (D)  • Incumbent • Winner,"$1,111,750","$945,868","$172,401",12/31/2020,FL,09
191,William Olson (R),"$404,406","$401,088","$3,318",12/31/2020,FL,09
192,Val Demings (D)  • Incumbent • Winner,"$1,876,047","$1,191,020","$771,422",12/31/2020,FL,10
193,Vennia Francois (R),"$335,480","$332,852","$9,289",12/31/2020,FL,10
194,Kristofer Steven Lawson (I),$47,$47,$0,06/30/2020,FL,10
195,Daniel Webster (R)  • Incumbent • Winner,"$691,261","$586,965","$210,702",12/31/2020,FL,11
196,Dana Cottrell (D),"$62,658","$62,380",$0,12/02/2020,FL,11
197,Gus Bilirakis (R)  • Incumbent • Winner,"$1,604,137","$1,548,634","$75,110",12/31/2020,FL,12
198,Kim Walker (D),"$42,802","$33,544","$9,258",12/31/2020,FL,12
199,Charlie Crist (D)  • Incumbent • Winner,"$2,720,646","$3,980,695","$419,008",12/31/2020,FL,13
200,Anna Paulina Luna (R),"$3,302,944","$3,262,236","$40,708",12/31/2020,FL,13
201,Kathy Castor (D)  • Incumbent • Winner,"$884,651","$1,201,653","$423,402",12/31/2020,FL,14
202,Christine Quinn (R),"$242,144","$241,187",$958,12/31/2020,FL,14
203,Alan Cohn (D),"$2,333,053","$2,300,197","$32,856",12/31/2020,FL,15
204,Scott Franklin (R)  • Winner,"$1,663,898","$1,638,417","$25,481",12/31/2020,FL,15
205,Vernon Buchanan (R)  • Incumbent • Winner,"$3,094,611","$3,100,766","$73,085",12/31/2020,FL,16
206,Margaret Good (D),"$3,411,924","$3,407,845","$4,080",12/31/2020,FL,16
207,Greg Steube (R)  • Incumbent • Winner,"$759,908","$621,200","$323,776",12/31/2020,FL,17
208,Allen Ellison (D),"$83,481","$78,243","$6,156",12/31/2020,FL,17
209,Brian Mast (R)  • Incumbent • Winner,"$6,128,177","$5,301,307","$994,362",12/31/2020,FL,18
210,Pam Keith (D),"$1,639,873","$1,632,736","$7,137",12/31/2020,FL,18
211,Byron Donalds (R)  • Winner,"$3,219,579","$2,738,685","$480,894",12/31/2020,FL,19
212,Cindy Banyai (D),"$214,750","$203,430","$11,320",12/31/2020,FL,19
213,Alcee Hastings (D)  • Incumbent • Winner,"$607,649","$543,316","$149,865",12/31/2020,FL,20
214,Greg Musselwhite (R),"$28,955","$27,538","$1,418",12/31/2020,FL,20
215,Lois J Frankel (D)  • Incumbent • Winner,"$1,534,882","$1,309,786","$1,192,171",12/31/2020,FL,21
216,Laura Loomer (R),"$2,271,604","$2,240,689","$30,915",12/31/2020,FL,21
217,Charleston Malkemus (I),"$28,928","$28,636",$292,12/31/2020,FL,21
218,Ted Deutch (D)  • Incumbent • Winner,"$1,364,438","$1,265,494","$459,816",12/31/2020,FL,22
219,Jim Pruden (R),"$278,416","$278,416",$0,11/30/2020,FL,22
220,Debbie Wasserman Schultz (D)  • Incumbent • Winner,"$2,191,922","$1,979,903","$616,233",12/31/2020,FL,23
221,Carla Spalding (R),"$919,579","$903,561","$16,018",12/31/2020,FL,23
222,Frederica Wilson (D)  • Incumbent • Winner,"$412,592","$321,019","$420,585",12/31/2020,FL,24
223,Lavern Spicer (R),"$34,973","$34,909",$64,12/31/2020,FL,24
224,Christine Olivo (I),"$31,646","$32,898",-$956,11/23/2020,FL,24
225,Mario Diaz-Balart (R)  • Incumbent • Winner,"$1,590,134","$804,054","$933,244",12/31/2020,FL,25
226,Debbie Mucarsel-Powell (D)  • Incumbent,"$6,793,521","$6,822,740","$10,598",12/31/2020,FL,26
227,Carlos Gimenez (R)  • Winner,"$2,226,559","$2,187,389","$39,171",12/31/2020,FL,26
228,Donna Shalala (D)  • Incumbent,"$3,842,907","$3,735,966","$169,728",12/31/2020,FL,27
229,Maria Salazar (R)  • Winner,"$3,654,190","$3,645,814","$21,258",12/31/2020,FL,27
230,Frank Polo (I),"$4,606","$4,662",-$56,11/06/2020,FL,27
231,Buddy Carter (R)  • Incumbent • Winner,"$2,315,487","$1,734,754","$1,705,925",12/31/2020,GA,01
232,Joyce Griggs (D),"$130,043","$125,000","$5,043",12/31/2020,GA,01
233,Sanford Bishop (D)  • Incumbent • Winner,"$1,540,683","$1,440,571","$192,528",12/31/2020,GA,02
234,Don Cole (R),"$164,274","$162,522","$1,752",12/31/2020,GA,02
235,Drew Ferguson (R)  • Incumbent • Winner,"$2,374,212","$2,150,911","$338,087",12/31/2020,GA,03
236,Valbrun Almonord (D),"$35,762","$31,946","$14,858",11/23/2020,GA,03
237,Hank Johnson (D)  • Incumbent • Winner,"$628,303","$490,360","$182,400",12/31/2020,GA,04
238,Johsira C. Cruz (R),"$12,954","$23,146","-$3,100",10/14/2020,GA,04
239,Nikema Williams (D)  • Winner,"$553,964","$362,801","$191,163",12/31/2020,GA,05
240,Robert Franklin (D),"$360,473","$358,394","$2,078",12/31/2020,GA,05
241,Angela Stanton-King (R),"$305,279","$301,338","$3,940",12/31/2020,GA,05
242,Kwanza Hall (D),"$239,597","$227,091","$12,505",12/31/2020,GA,05
243,Barrington Martin II (D),"$16,522","$16,517",$6,09/30/2020,GA,05
244,Chase Oliver (L),"$9,225","$5,220","$4,005",09/30/2020,GA,05
245,Steven Muhammad (I),"$3,497","-$4,965","$13,842",09/30/2020,GA,05
246,Keisha Waites (D),$875,$0,$875,05/20/2020,GA,05
247,Lucy McBath (D)  • Incumbent • Winner,"$8,507,298","$8,586,054","$139,929",12/31/2020,GA,06
248,Karen Handel (R),"$3,026,243","$3,072,932","$41,001",12/31/2020,GA,06
249,Carolyn Bourdeaux (D)  • Winner,"$5,133,244","$5,161,230","$113,948",12/31/2020,GA,07
250,Richard McCormick (R),"$2,595,446","$2,563,724","$25,914",12/31/2020,GA,07
251,Austin Scott (R)  • Incumbent • Winner,"$821,745","$716,159","$666,530",12/31/2020,GA,08
252,Jimmy Cooper (3),"$8,542","$8,528",$15,12/31/2020,GA,08
253,Lindsay Holliday (D),"$7,480","$5,220",$210,09/30/2020,GA,08
254,Andrew Clyde (R)  • Winner,"$1,569,425","$1,561,316","$8,108",12/31/2020,GA,09
255,Devin Pandy (D),"$84,272","$84,623","-$1,279",12/31/2020,GA,09
256,Jody Hice (R)  • Incumbent • Winner,"$595,947","$457,648","$249,916",12/31/2020,GA,10
257,Tabitha Johnson-Green (D),"$14,808","$12,214",-$8,12/31/2020,GA,10
258,Barry Loudermilk (R)  • Incumbent • Winner,"$877,767","$700,851","$372,832",12/31/2020,GA,11
259,Dana Barrett (D),"$404,625","$394,977","$9,648",12/31/2020,GA,11
260,Richard W Allen (R)  • Incumbent • Winner,"$1,228,970","$662,818","$646,909",12/31/2020,GA,12
261,Liz Johnson (D),"$72,061","$72,061",$0,12/31/2020,GA,12
262,David Scott (D)  • Incumbent • Winner,"$1,209,614","$1,131,746","$453,846",12/31/2020,GA,13
263,Becky Hites (R),"$63,509","$62,935",$574,12/31/2020,GA,13
264,Martin Cowen (L),"$13,460","$13,464",$80,12/31/2020,GA,13
265,Marjorie Taylor Greene (R)  • Winner,"$2,596,914","$2,237,599","$359,316",12/31/2020,GA,14
266,Ed Case (D)  • Incumbent,"$508,249","$472,569","$116,701",12/31/2020,HI,01
267,Ron Curtis (R),"$12,538","$12,647",-$109,12/31/2020,HI,01
268,Kai Kahele (D)  • Winner,"$1,235,523","$1,039,637","$195,886",12/31/2020,HI,02
269,Joe Akana (R),"$54,534","$55,344",-$810,12/31/2020,HI,02
270,Jonathan Hoomanawanui (3),"$1,883","$1,522",$585,10/14/2020,HI,02
271,Russ Fulcher (R)  • Incumbent • Winner,"$575,485","$508,457","$102,831",12/31/2020,ID,01
272,Rudy Soto (D),"$302,902","$302,902",$0,12/07/2020,ID,01
273,Mike Simpson (R)  • Incumbent • Winner,"$1,008,847","$1,099,604","$176,314",12/31/2020,ID,02
274,Aaron Swisher (D),"$70,674","$70,268","$7,851",12/31/2020,ID,02
275,Bobby L Rush (D)  • Incumbent • Winner,"$541,435","$496,454","$111,621",12/31/2020,IL,01
276,Philanise White (R),"$6,289","$5,048",$928,12/31/2020,IL,01
277,Robin Kelly (D)  • Incumbent • Winner,"$1,634,783","$1,108,137","$1,014,413",12/31/2020,IL,02
278,Marie Newman (D)  • Winner,"$2,802,093","$2,699,323","$102,841",12/31/2020,IL,03
279,Mike Fricilone (R),"$128,458","$127,980",$478,12/31/2020,IL,03
280,Jesus Garcia (D)  • Incumbent • Winner,"$822,846","$711,159","$126,757",12/31/2020,IL,04
281,Jesus Solorio Jr (R),"$2,065",$843,"$1,129",11/23/2020,IL,04
282,Mike Quigley (D)  • Incumbent • Winner,"$1,171,507","$926,655","$1,022,348",12/31/2020,IL,05
283,Sean Casten (D)  • Incumbent • Winner,"$5,582,179","$5,313,570","$346,138",12/31/2020,IL,06
284,Jeanne Ives (R),"$3,157,771","$3,135,464","$22,307",12/31/2020,IL,06
285,Bill Redpath (L),"$9,837","$9,837",$0,11/24/2020,IL,06
286,Danny K Davis (D)  • Incumbent • Winner,"$544,690","$505,506","$243,172",12/31/2020,IL,07
287,Tracy Jennings (3),"$65,283","$65,283",$0,12/03/2020,IL,07
288,Raja Krishnamoorthi (D)  • Incumbent • Winner,"$6,358,878","$2,207,703","$8,427,847",12/31/2020,IL,08
289,Jan Schakowsky (D)  • Incumbent • Winner,"$1,834,801","$1,514,838","$749,054",12/31/2020,IL,09
290,Sargis Sangari (R),"$35,364","$34,715","-$3,410",12/31/2020,IL,09
291,Brad Schneider (D)  • Incumbent • Winner,"$3,459,512","$2,873,333","$1,873,763",12/31/2020,IL,10
292,Valerie Ramirez Mukherjee (R),"$130,225","$64,764","$65,461",12/31/2020,IL,10
293,Bill Foster (D)  • Incumbent • Winner,"$2,381,354","$1,823,906","$3,736,201",12/31/2020,IL,11
294,Rick Laib (R),"$20,343","$20,064",$279,12/31/2020,IL,11
295,Mike Bost (R)  • Incumbent • Winner,"$1,918,041","$1,509,573","$413,789",12/31/2020,IL,12
296,Ray Lenzi (D),"$161,324","$104,809","$57,903",11/23/2020,IL,12
297,Rodney Davis (R)  • Incumbent • Winner,"$4,943,459","$4,822,600","$140,436",12/31/2020,IL,13
298,Betsy Dirksen Londrigan (D),"$5,297,007","$5,281,880","$15,895",12/31/2020,IL,13
299,Lauren A Underwood (D)  • Incumbent • Winner,"$7,803,579","$7,301,503","$537,898",12/31/2020,IL,14
300,Jim Oberweis (R),"$2,438,857","$2,348,798","$90,059",12/31/2020,IL,14
301,Mary Miller (R)  • Winner,"$689,057","$570,356","$118,701",12/31/2020,IL,15
302,Erika Weaver (D),"$58,689","$23,349","-$2,772",10/14/2020,IL,15
303,Adam Kinzinger (R)  • Incumbent • Winner,"$2,105,736","$1,588,550","$1,523,650",12/31/2020,IL,16
304,Dani Brzozowski (D),"$459,344","$376,167",-$314,12/31/2020,IL,16
305,Cheri Bustos (D)  • Incumbent • Winner,"$4,975,192","$6,391,009","$918,624",12/31/2020,IL,17
306,Esther Joy King (R),"$2,032,878","$2,030,587","$2,292",12/31/2020,IL,17
307,Darin LaHood (R)  • Incumbent • Winner,"$3,248,113","$1,749,128","$3,090,571",12/31/2020,IL,18
308,Frank J. Mrvan (D)  • Winner,"$578,635","$464,407","$114,228",12/31/2020,IN,01
309,Mark Leyva (R),"$16,551","$15,343","$1,208",12/31/2020,IN,01
310,Jackie Walorski (R)  • Incumbent • Winner,"$2,383,467","$1,698,202","$803,297",12/31/2020,IN,02
311,Pat Hackett (D),"$881,888","$867,301","$15,785",12/31/2020,IN,02
312,Jim Banks (R)  • Incumbent • Winner,"$1,202,509","$769,591","$444,427",12/31/2020,IN,03
313,Chip Coldiron (D),"$94,056","$89,883","$2,119",12/31/2020,IN,03
314,Jim Baird (R)  • Incumbent • Winner,"$327,727","$190,158","$247,371",12/31/2020,IN,04
315,Joe Mackey (D),"$44,585","$43,213","$1,590",12/31/2020,IN,04
316,Christina Hale (D),"$4,010,368","$3,998,905","$11,464",12/31/2020,IN,05
317,Victoria Spartz (R)  • Winner,"$3,119,328","$3,010,203","$109,124",12/31/2020,IN,05
318,Greg Pence (R)  • Incumbent • Winner,"$3,114,448","$2,804,148","$510,827",12/31/2020,IN,06
319,Jeannine Lee Lake (D),"$143,089","$145,315","-$2,227",11/23/2020,IN,06
320,Andre Carson (D)  • Incumbent • Winner,"$1,011,635","$873,962","$988,170",12/31/2020,IN,07
321,Susan Marie Smith (R),"$62,905","$59,843","$1,857",12/31/2020,IN,07
322,Larry Bucshon (R)  • Incumbent • Winner,"$1,051,336","$1,078,646","$206,920",12/31/2020,IN,08
323,Thomasina Marsili (D),"$68,734","$68,480",$254,12/31/2020,IN,08
324,Trey Hollingsworth (R)  • Incumbent • Winner,"$1,166,754","$501,136","$672,944",12/31/2020,IN,09
325,Andy Ruff (D),"$148,263","$134,906","$13,357",12/31/2020,IN,09
326,Tonya Millis (L),"$10,224","$10,041",$59,11/12/2020,IN,09
327,Abby Finkenauer (D)  • Incumbent,"$5,901,441","$5,875,405","$55,019",12/31/2020,IA,01
328,Ashley Hinson (R)  • Winner,"$5,175,883","$5,059,211","$116,672",12/31/2020,IA,01
329,Rita Hart (D),"$4,232,992","$4,114,400","$118,592",12/31/2020,IA,02
330,Mariannette Miller-Meeks (R)  • Winner,"$2,174,194","$1,721,926","$452,413",12/31/2020,IA,02
331,Cindy Axne (D)  • Incumbent • Winner,"$6,236,976","$6,236,994","$19,521",12/31/2020,IA,03
332,David Young (R),"$3,170,072","$3,094,582","$88,291",12/31/2020,IA,03
333,J.D. Scholten (D),"$2,885,915","$2,902,003","$53,112",12/31/2020,IA,04
334,Randy Feenstra (R)  • Winner,"$1,906,234","$1,894,288","$11,946",12/31/2020,IA,04
335,Tracey Mann (R)  • Winner,"$1,403,353","$1,127,156","$276,197",12/31/2020,KS,01
336,Kali Barnett (D),"$603,036","$592,924","$10,112",12/31/2020,KS,01
337,Michelle De La Isla (D),"$1,825,085","$1,810,968","$14,118",12/31/2020,KS,02
338,Jake Laturner (R)  • Winner,"$1,593,407","$1,578,460","$14,947",12/31/2020,KS,02
339,Sharice Davids (D)  • Incumbent • Winner,"$5,638,552","$5,168,034","$479,150",12/31/2020,KS,03
340,Amanda Adkins (R),"$2,182,382","$2,139,673","$42,710",12/31/2020,KS,03
341,Ron Estes (R)  • Incumbent • Winner,"$1,993,808","$1,420,188","$844,164",12/31/2020,KS,04
342,Laura Lombard (D),"$264,459","$258,684","$5,775",11/23/2020,KS,04
343,James Comer (R)  • Incumbent • Winner,"$736,116","$502,554","$402,463",12/31/2020,KY,01
344,Brett Guthrie (R)  • Incumbent • Winner,"$1,412,797","$1,566,622","$1,856,674",12/31/2020,KY,02
345,Hank Linderman (D),"$93,388","$71,122","$31,482",12/31/2020,KY,02
346,Robert Lee Perry (L),"$12,798","$7,825",$0,12/31/2020,KY,02
347,John Yarmuth (D)  • Incumbent • Winner,"$658,295","$690,226","$169,846",12/31/2020,KY,03
348,Rhonda Palazzo (R),"$46,144","$45,668",$476,12/31/2020,KY,03
349,Thomas Massie (R)  • Incumbent • Winner,"$1,457,316","$1,563,275","$119,384",12/31/2020,KY,04
350,Alexandra Owensby (D),"$156,174","$106,359","$49,227",10/14/2020,KY,04
351,Hal Rogers (R)  • Incumbent • Winner,"$664,168","$835,781","$836,903",12/31/2020,KY,05
352,Andy Barr (R)  • Incumbent • Winner,"$4,536,264","$4,316,239","$354,703",12/31/2020,KY,06
353,Josh Hicks (D),"$2,936,320","$2,935,615",$705,12/31/2020,KY,06
354,Steve Scalise (R)  • Incumbent • Winner,"$37,262,827","$32,830,607","$6,217,720",12/31/2020,LA,01
355,Cedric Richmond (D)  • Incumbent • Winner,"$1,628,289","$1,302,079","$795,949",12/31/2020,LA,02
356,Clay Higgins (R)  • Incumbent • Winner,"$751,498","$720,424","$71,763",12/31/2020,LA,03
357,Robert Jon Anderson (D),"$63,617","$48,015","$2,695",03/31/2020,LA,03
358,Braylon Harris (D),"$23,006","$15,130","$7,876",12/31/2020,LA,03
359,Mike Johnson (R)  • Incumbent • Winner,"$1,299,787","$1,039,393","$669,686",12/31/2020,LA,04
360,Kenny Houston (D),"$33,677","$33,407",$270,12/15/2020,LA,04
361,Luke Letlow (R),"$1,392,822","$1,303,757","$89,065",12/31/2020,LA,05
362,Lance Harris (R),"$696,805","$687,833","$8,972",12/31/2020,LA,05
363,Martin Lemelle (D),"$173,796","$162,747","$11,048",12/31/2020,LA,05
364,Scotty Robinson (R),"$113,903","$113,835",$68,12/31/2020,LA,05
365,Candy Christophe (D),"$77,101","$131,161","-$51,355",12/31/2020,LA,05
366,Phillip Snowden (D),"$29,481","$28,077",$1,11/23/2020,LA,05
367,Matthew Hasty (R),"$2,654","$2,615",$38,10/15/2020,LA,05
368,Garret Graves (R)  • Incumbent • Winner,"$1,743,015","$1,200,287","$2,026,909",12/31/2020,LA,06
369,Dartanyon Williams (D),"$111,316","$98,114","$8,723",12/31/2020,LA,06
370,Chellie Pingree (D)  • Incumbent • Winner,"$487,080","$264,790","$446,658",12/31/2020,ME,01
371,Jay Allen (R),"$79,585","$69,853","$9,731",12/31/2020,ME,01
372,Jared Golden (D)  • Incumbent • Winner,"$5,272,142","$5,233,990","$130,861",12/31/2020,ME,02
373,Dale Crafts (R),"$1,199,805","$1,196,117","$3,689",12/31/2020,ME,02
374,Andy Harris (R)  • Incumbent • Winner,"$1,468,096","$973,953","$1,043,179",12/31/2020,MD,01
375,Mia Mason (D),"$2,524",$0,$0,06/30/2020,MD,01
376,Dutch Ruppersberger (D)  • Incumbent • Winner,"$1,012,835","$927,353","$1,204,214",12/31/2020,MD,02
377,Johnny Ray Salling (R),"$68,320","$66,895","$1,525",12/31/2020,MD,02
378,John Sarbanes (D)  • Incumbent • Winner,"$573,599","$687,299","$1,036,784",12/31/2020,MD,03
379,Charles Anthony (R),"$7,798","$6,742","$1,006",12/31/2020,MD,03
380,Anthony Brown (D)  • Incumbent • Winner,"$1,446,636","$846,827","$1,117,335",12/31/2020,MD,04
381,Steny H Hoyer (D)  • Incumbent • Winner,"$4,587,189","$4,342,255","$879,067",12/31/2020,MD,05
382,Chris Palombi (R),"$43,462","$42,095","$1,366",12/31/2020,MD,05
383,David Trone (D)  • Incumbent • Winner,"$2,944,893","$2,959,748","$93,680",12/31/2020,MD,06
384,Neil Parrott (R),"$315,936","$261,259","$117,161",12/31/2020,MD,06
385,Kweisi Mfume (D)  • Incumbent • Winner,"$1,014,126","$713,389","$300,737",12/31/2020,MD,07
386,Kimberly Klacik (R),"$8,296,845","$7,499,454","$803,568",12/31/2020,MD,07
387,Amber Ivey (I),"$41,924","$43,394",$0,09/30/2020,MD,07
388,Jamie Raskin (D)  • Incumbent • Winner,"$2,072,652","$1,399,252","$1,338,530",12/31/2020,MD,08
389,Gregory Coll (R),"$30,876","$27,257","$3,618",12/31/2020,MD,08
390,Richard E Neal (D)  • Incumbent • Winner,"$4,949,384","$5,873,122","$2,384,564",12/31/2020,MA,01
391,James P McGovern (D)  • Incumbent • Winner,"$1,052,549","$1,089,412","$264,946",12/31/2020,MA,02
392,Tracy Lovvorn (R),"$26,311","$22,319","$6,398",12/31/2020,MA,02
393,Lori Trahan (D)  • Incumbent • Winner,"$1,449,303","$1,232,437","$285,963",12/31/2020,MA,03
394,Jake Auchincloss (D)  • Winner,"$2,608,686","$2,150,904","$457,782",12/31/2020,MA,04
395,Julie Hall (R),"$131,603","$129,378","$2,225",12/31/2020,MA,04
396,Katherine Clark (D)  • Incumbent • Winner,"$1,788,706","$1,514,877","$1,292,775",12/31/2020,MA,05
397,Caroline Colarusso (R),"$148,635","$146,972","$1,663",12/31/2020,MA,05
398,Seth Moulton (D)  • Incumbent • Winner,"$1,289,805","$1,802,169","$245,668",12/31/2020,MA,06
399,John Paul Moran (R),"$300,220","$299,104","$1,117",12/31/2020,MA,06
400,Ayanna Pressley (D)  • Incumbent • Winner,"$2,163,370","$1,748,432","$501,037",12/31/2020,MA,07
401,Stephen F Lynch (D)  • Incumbent • Winner,"$905,614","$1,134,662","$1,213,384",12/31/2020,MA,08
402,Bill Keating (D)  • Incumbent • Winner,"$708,680","$652,448","$1,504,778",12/31/2020,MA,09
403,Helen Brady (R),"$28,233","$23,735","$4,498",12/31/2020,MA,09
404,John Bergman (R)  • Incumbent • Winner,"$1,868,512","$1,733,466","$140,400",12/31/2020,MI,01
405,Dana Ferguson (D),"$346,213","$339,788","$4,287",12/31/2020,MI,01
406,Bill Huizenga (R)  • Incumbent • Winner,"$2,175,411","$1,883,610","$469,697",12/31/2020,MI,02
407,Bryan Berghoef (D),"$751,576","$669,864","$19,351",12/31/2020,MI,02
408,Jean-Michel Creviere (3),$281,"$1,207",-$559,11/15/2020,MI,02
409,Hillary Scholten (D),"$3,793,132","$3,765,942","$27,190",12/31/2020,MI,03
410,Peter Meijer (R)  • Winner,"$2,975,972","$2,887,774","$88,199",12/31/2020,MI,03
411,John Moolenaar (R)  • Incumbent • Winner,"$1,528,612","$1,036,160","$611,147",12/31/2020,MI,04
412,Jerry Hilliard (D),"$23,117","$23,603",$0,12/31/2020,MI,04
413,Dan Kildee (D)  • Incumbent • Winner,"$1,669,951","$1,504,094","$781,722",12/31/2020,MI,05
414,Tim Kelly (R),"$71,106","$71,106",$0,12/31/2020,MI,05
415,Fred Upton (R)  • Incumbent • Winner,"$3,616,380","$3,464,617","$187,875",12/31/2020,MI,06
416,Jon Hoadley (D),"$3,116,491","$3,098,366","$18,125",12/31/2020,MI,06
417,Tim Walberg (R)  • Incumbent • Winner,"$2,301,635","$1,586,358","$769,368",12/31/2020,MI,07
418,Gretchen Driskell (D),"$1,712,840","$1,712,840",$0,12/21/2020,MI,07
419,Elissa Slotkin (D)  • Incumbent • Winner,"$8,967,420","$7,419,974","$1,566,680",12/31/2020,MI,08
420,Paul Junge (R),"$2,107,608","$2,097,131","$10,477",12/31/2020,MI,08
421,Andy Levin (D)  • Incumbent • Winner,"$1,316,607","$907,237","$428,478",12/31/2020,MI,09
422,Lisa McClain (R)  • Winner,"$2,266,287","$2,137,031","$123,256",12/31/2020,MI,10
423,Kimberly Bizon (D),"$41,438","$41,246","$24,582",12/31/2020,MI,10
424,Haley Stevens (D)  • Incumbent • Winner,"$5,776,924","$5,707,448","$84,994",12/31/2020,MI,11
425,Eric Esshaki (R),"$1,298,612","$1,291,509","$7,104",12/31/2020,MI,11
426,Debbie Dingell (D)  • Incumbent • Winner,"$1,630,498","$1,689,582","$437,383",12/31/2020,MI,12
427,Jeff Jones (R),"$10,616","$9,657","$1,513",12/31/2020,MI,12
428,Rashida Tlaib (D)  • Incumbent • Winner,"$4,014,411","$3,690,334","$391,732",12/31/2020,MI,13
429,Donald Eason (I),"$34,156","$34,156",$0,12/31/2020,MI,13
430,Brenda Lawrence (D)  • Incumbent • Winner,"$1,084,662","$789,570","$891,186",12/31/2020,MI,14
431,Vance Patrick (R),"$39,670","$41,973","$8,890",11/23/2020,MI,14
432,Jim Hagedorn (R)  • Incumbent • Winner,"$2,386,033","$2,305,994","$81,131",12/31/2020,MN,01
433,Daniel Feehan (D),"$4,861,651","$4,863,835","$1,337",12/31/2020,MN,01
434,Angie Craig (D)  • Incumbent • Winner,"$5,380,101","$4,435,492","$1,032,000",12/31/2020,MN,02
435,Tyler Kistner (R),"$2,990,054","$2,956,042","$34,012",12/31/2020,MN,02
436,Dean Phillips (D)  • Incumbent • Winner,"$2,328,616","$2,152,031","$218,067",12/31/2020,MN,03
437,Kendall Qualls (R),"$1,863,927","$1,751,214","$112,712",12/31/2020,MN,03
438,Gary Heyer (I),$827,$827,$0,01/20/2020,MN,03
439,Betty McCollum (D)  • Incumbent • Winner,"$1,171,748","$994,072","$283,976",12/31/2020,MN,04
440,Gene Rechtzigel (R),"$20,075","$20,075",$100,08/31/2020,MN,04
441,Ilhan Omar (D)  • Incumbent • Winner,"$5,718,517","$5,605,576","$167,770",12/31/2020,MN,05
442,Lacy Johnson (R),"$12,050,564","$12,000,896","$49,668",12/31/2020,MN,05
443,Chris Kelley (3),"$249,583","$249,583",$0,07/02/2020,MN,05
444,Ervan Katari Miller (I),$255,$187,$68,09/16/2019,MN,05
445,Tom Emmer (R)  • Incumbent • Winner,"$2,804,265","$2,537,612","$448,839",12/31/2020,MN,06
446,Tawnja Zahradka (D),"$49,242","$49,214",$28,12/31/2020,MN,06
447,Collin Peterson (D)  • Incumbent,"$2,714,012","$2,867,577","$344,745",12/31/2020,MN,07
448,Michelle Fischbach (R)  • Winner,"$2,618,450","$2,580,501","$37,949",12/31/2020,MN,07
449,Pete Stauber (R)  • Incumbent • Winner,"$2,593,190","$2,608,759","$2,767",12/31/2020,MN,08
450,Quinn Nystrom (D),"$1,530,606","$1,527,005","$3,600",12/31/2020,MN,08
451,Trent Kelly (R)  • Incumbent • Winner,"$876,882","$826,673","$228,295",12/31/2020,MS,01
452,Antonia Eliason (D),"$22,281","$18,174","$4,107",11/23/2020,MS,01
453,Bennie G Thompson (D)  • Incumbent • Winner,"$1,377,392","$1,096,904","$1,523,548",12/31/2020,MS,02
454,Michael Guest (R)  • Incumbent • Winner,"$766,807","$518,162","$281,968",12/31/2020,MS,03
455,Steven Palazzo (R)  • Incumbent • Winner,"$817,129","$747,217","$302,029",12/31/2020,MS,04
456,Cori Bush (D)  • Winner,"$1,418,014","$1,333,512","$84,503",12/31/2020,MO,01
457,Ann Wagner (R)  • Incumbent • Winner,"$5,598,287","$6,513,101","$113,443",12/31/2020,MO,02
458,Jill Schupp (D),"$4,850,948","$4,830,434","$20,513",12/31/2020,MO,02
459,Blaine Luetkemeyer (R)  • Incumbent • Winner,"$2,022,905","$2,081,391","$2,205,404",12/31/2020,MO,03
460,Vicky Hartzler (R)  • Incumbent • Winner,"$1,700,978","$1,335,607","$645,432",12/31/2020,MO,04
461,Lindsey Simmons (D),"$395,934","$384,622","$11,282",12/31/2020,MO,04
462,Emanuel Cleaver (D)  • Incumbent • Winner,"$1,393,847","$928,061","$1,134,774",12/31/2020,MO,05
463,Ryan Derks (R),"$76,488","$76,488",$0,12/11/2020,MO,05
464,Sam Graves (R)  • Incumbent • Winner,"$1,959,516","$1,654,756","$856,973",12/31/2020,MO,06
465,Gena Ross (D),"$10,170","$10,530","$1,836",11/23/2020,MO,06
466,Billy Long (R)  • Incumbent • Winner,"$1,320,420","$1,518,234","$475,111",12/31/2020,MO,07
467,Audrey Richards (I),"$7,985","$8,113",-$624,10/14/2020,MO,07
468,Jason Smith (R)  • Incumbent • Winner,"$1,900,227","$1,514,786","$1,531,680",12/31/2020,MO,08
469,Kathryn Ellis (D),"$302,428","$305,387",$0,12/21/2020,MO,08
470,Kathleen Williams (D),"$6,201,758","$6,232,286","$6,430",12/31/2020,MT,01
471,Matt Rosendale (R)  • Winner,"$3,674,706","$3,488,045","$262,839",12/31/2020,MT,01
472,Jeff Fortenberry (R)  • Incumbent • Winner,"$1,472,816","$2,458,330","$718,435",12/31/2020,NE,01
473,Kate Bolz (D),"$1,143,509","$1,140,371","$3,139",12/31/2020,NE,01
474,Don Bacon (R)  • Incumbent • Winner,"$3,749,272","$3,713,961","$85,039",12/31/2020,NE,02
475,Kara Eastman (D),"$4,414,390","$4,468,006","$29,232",12/31/2020,NE,02
476,Adrian Smith (R)  • Incumbent • Winner,"$1,506,473","$1,148,409","$1,145,643",12/31/2020,NE,03
477,Mark Elworth Jr (D),$255,$0,$255,06/30/2020,NE,03
478,Dina Titus (D)  • Incumbent • Winner,"$706,193","$587,919","$328,890",12/31/2020,NV,01
479,Mark Amodei (R)  • Incumbent • Winner,"$1,048,056","$1,016,673","$324,316",12/31/2020,NV,02
480,Patricia Ackerman (D),"$449,363","$449,449",$44,12/31/2020,NV,02
481,Susie Lee (D)  • Incumbent • Winner,"$4,748,019","$4,732,009","$28,704",12/31/2020,NV,03
482,Dan Rodimer (R),"$2,936,059","$2,915,216","$20,842",12/31/2020,NV,03
483,Steven Horsford (D)  • Incumbent • Winner,"$3,492,372","$3,024,427","$495,917",12/31/2020,NV,04
484,Jim Marchant (R),"$1,462,772","$1,419,405","$43,367",12/31/2020,NV,04
485,Jonathan Royce Esteban (L),"$2,788","$1,603","$2,227",06/30/2020,NV,04
486,Chris Pappas (D)  • Incumbent • Winner,"$3,205,731","$3,105,663","$213,912",12/31/2020,NH,01
487,Matt Mowers (R),"$1,707,214","$1,698,761","$8,454",12/31/2020,NH,01
488,Ann Kuster (D)  • Incumbent • Winner,"$2,960,033","$2,970,274","$1,073,085",12/31/2020,NH,02
489,Steve Negron (R),"$368,177","$378,959","-$3,787",12/31/2020,NH,02
490,Don Norcross (D)  • Incumbent • Winner,"$2,221,989","$1,087,264","$1,924,664",12/31/2020,NJ,01
491,Claire Gustafson (R),"$36,520","$21,761","$14,759",06/30/2020,NJ,01
492,Jeff Van Drew (R)  • Incumbent • Winner,"$4,229,171","$4,041,493","$191,878",12/31/2020,NJ,02
493,Amy Kennedy (D),"$4,984,376","$4,978,913","$5,463",12/31/2020,NJ,02
494,Andy Kim (D)  • Incumbent • Winner,"$7,241,283","$6,753,262","$551,835",12/31/2020,NJ,03
495,David Richter (R),"$1,473,669","$1,470,648","$3,021",12/31/2020,NJ,03
496,Chris Smith (R)  • Incumbent • Winner,"$1,383,085","$1,284,522","$141,574",12/31/2020,NJ,04
497,Stephanie Schmid (D),"$699,580","$658,011","$19,121",12/31/2020,NJ,04
498,Josh Gottheimer (D)  • Incumbent • Winner,"$7,694,027","$3,487,964","$8,349,098",12/31/2020,NJ,05
499,Frank Pallotta (R),"$1,972,033","$1,948,705","$23,328",12/31/2020,NJ,05
500,Louis A. Vellucci (I),"$5,456","$5,342",$114,12/31/2020,NJ,05
501,Frank Pallone Jr. (D)  • Incumbent • Winner,"$3,231,755","$2,021,737","$3,337,596",12/31/2020,NJ,06
502,Tom Malinowski (D)  • Incumbent • Winner,"$7,414,403","$7,423,758","$51,095",12/31/2020,NJ,07
503,Tom Kean (R),"$3,869,121","$3,775,442","$93,679",12/31/2020,NJ,07
504,Albio Sires (D)  • Incumbent • Winner,"$605,810","$551,325","$208,334",12/31/2020,NJ,08
505,Bill Pascrell Jr. (D)  • Incumbent • Winner,"$1,560,550","$1,795,410","$1,404,384",12/31/2020,NJ,09
506,Billy Prempeh (R),"$44,269","$35,075","$12,957",12/31/2020,NJ,09
507,Donald M Payne Jr. (D)  • Incumbent • Winner,"$593,735","$457,252","$181,272",12/31/2020,NJ,10
508,Mikie Sherrill (D)  • Incumbent • Winner,"$6,419,707","$3,733,106","$3,131,721",12/31/2020,NJ,11
509,Rosemary Becchi (R),"$1,687,532","$1,686,236","$1,295",12/31/2020,NJ,11
510,Bonnie Watson Coleman (D)  • Incumbent • Winner,"$798,439","$840,651","$107,160",12/31/2020,NJ,12
511,Mark Razzoli (R),"$3,065","$1,142","$1,923",03/31/2020,NJ,12
512,Debra Haaland (D)  • Incumbent • Winner,"$2,246,734","$1,875,766","$390,843",12/31/2020,NM,01
513,Michelle Garcia Holmes (R),"$257,294","$245,590","$11,705",12/31/2020,NM,01
514,Xochitl Torres Small (D)  • Incumbent,"$8,387,337","$8,539,065","$16,718",12/31/2020,NM,02
515,Yvette Herrell (R)  • Winner,"$2,805,711","$2,921,785","$54,544",12/31/2020,NM,02
516,Steve Jones (I),"$9,405","$9,505",-$100,12/31/2020,NM,02
517,Teresa Leger Fernandez (D)  • Winner,"$2,296,594","$2,132,010","$164,583",12/31/2020,NM,03
518,Alexis Johnson (R),"$147,303","$147,303",$0,12/31/2020,NM,03
519,Lee Zeldin (R)  • Incumbent • Winner,"$8,396,981","$8,250,116","$171,436",12/31/2020,NY,01
520,Nancy Goroff (D),"$7,866,239","$7,860,977","$5,262",12/31/2020,NY,01
521,Jackie Gordon (D),"$4,351,881","$4,334,484","$17,396",12/31/2020,NY,02
522,Andrew Garbarino (R)  • Winner,"$1,743,986","$1,612,132","$131,854",12/31/2020,NY,02
523,Harry Burger (3),"$2,430",$594,"$1,836",12/31/2020,NY,02
524,Tom Suozzi (D)  • Incumbent • Winner,"$2,941,006","$2,331,302","$1,930,681",12/31/2020,NY,03
525,George Devolder-Santos (R),"$658,883","$591,239","$67,723",12/31/2020,NY,03
526,Joshua Sauberman (I),$127,$270,"-$2,258",12/31/2020,NY,03
527,Kathleen Rice (D)  • Incumbent • Winner,"$1,106,258","$1,210,410","$189,845",12/31/2020,NY,04
528,Douglas Tuman (R),"$134,937","$130,995","$3,942",12/31/2020,NY,04
529,Ed Dennehy (I),"$9,031","$9,031",$0,08/04/2020,NY,04
530,Gregory W Meeks (D)  • Incumbent • Winner,"$2,097,572","$1,467,454","$781,472",12/31/2020,NY,05
531,Amit Lal (I),$126,$0,$126,11/16/2020,NY,05
532,Grace Meng (D)  • Incumbent • Winner,"$1,292,084","$1,872,311","$395,520",12/31/2020,NY,06
533,Thomas Zmich (R),"$133,403","$131,278","$2,125",12/31/2020,NY,06
534,Nydia Velazquez (D)  • Incumbent • Winner,"$803,217","$676,248","$310,382",12/31/2020,NY,07
535,Hakeem Jeffries (D)  • Incumbent • Winner,"$4,168,717","$3,293,077","$2,145,322",12/31/2020,NY,08
536,Yvette D Clarke (D)  • Incumbent • Winner,"$1,200,067","$1,190,143","$71,621",12/31/2020,NY,09
537,Jerrold Nadler (D)  • Incumbent • Winner,"$1,848,688","$1,950,774","$508,339",12/31/2020,NY,10
538,Cathy Bernstein (R),"$49,975","$28,384","$21,591",10/14/2020,NY,10
539,Jeanne Nigro (I),"$34,548","$28,039","$3,261",12/31/2020,NY,10
540,Michael Madrid (L),"$14,326","$12,149","$2,178",12/03/2020,NY,10
541,Max Rose (D)  • Incumbent,"$9,284,434","$9,499,242","$23,184",12/31/2020,NY,11
542,Nicole Malliotakis (R)  • Winner,"$3,469,995","$3,447,052","$22,943",12/31/2020,NY,11
543,Kemi Akindude (I),"$21,261","$14,697",$624,12/31/2020,NY,11
544,Carolyn B Maloney (D)  • Incumbent • Winner,"$3,067,173","$3,059,202","$116,416",12/31/2020,NY,12
545,Adriano Espaillat (D)  • Incumbent • Winner,"$1,087,237","$1,252,740","$102,521",12/31/2020,NY,13
546,Lovelynn Gwinn (R),"$39,384","$39,384",$0,12/22/2020,NY,13
547,Alexandria Ocasio-Cortez (D)  • Incumbent • Winner,"$20,664,795","$16,735,422","$4,297,383",12/31/2020,NY,14
548,John C. Cummings (R),"$11,140,937","$10,947,758","$193,228",12/31/2020,NY,14
549,Ritchie Torres (D)  • Winner,"$2,194,025","$1,804,336","$389,690",12/31/2020,NY,15
550,Jamaal Bowman (D)  • Winner,"$2,878,898","$2,801,424","$77,474",12/31/2020,NY,16
551,Mondaire Jones (D)  • Winner,"$2,984,052","$2,186,463","$797,588",12/31/2020,NY,17
552,Maureen McArdle Schulman (R),"$54,732","$60,084","-$5,327",12/31/2020,NY,17
553,Michael Parietti (3),"$44,787","$19,670","$25,116",10/14/2020,NY,17
554,Sean Patrick Maloney (D)  • Incumbent • Winner,"$2,556,294","$1,718,525","$860,002",12/31/2020,NY,18
555,Chele Farley (R),"$1,186,211","$1,152,124","$34,086",12/31/2020,NY,18
556,Scott Smith (I),"$8,718","$8,403",$495,12/31/2020,NY,18
557,Antonio Delgado (D)  • Incumbent • Winner,"$5,949,475","$2,963,286","$3,064,789",12/31/2020,NY,19
558,Kyle Van De Water (R),"$153,796","$120,097","$33,700",12/31/2020,NY,19
559,Paul Tonko (D)  • Incumbent • Winner,"$1,541,984","$1,418,994","$811,660",12/31/2020,NY,20
560,Elizabeth Joy (R),"$370,852","$336,845","$34,007",12/31/2020,NY,20
561,Elise Stefanik (R)  • Incumbent • Winner,"$13,287,248","$11,655,936","$1,983,541",12/31/2020,NY,21
562,Tedra Cobb (D),"$5,586,793","$5,593,266","$32,848",12/31/2020,NY,21
563,Anthony Brindisi (D)  • Incumbent,"$6,020,190","$5,772,429","$252,624",12/31/2020,NY,22
564,Claudia Tenney (R),"$3,051,777","$2,725,893","$402,867",12/31/2020,NY,22
565,Tom Reed (R)  • Incumbent • Winner,"$3,275,177","$3,145,027","$182,389",12/31/2020,NY,23
566,Tracy Mitrano (D),"$1,450,322","$1,466,128","$3,284",12/31/2020,NY,23
567,John Katko (R)  • Incumbent • Winner,"$3,821,107","$3,597,234","$272,061",12/31/2020,NY,24
568,Dana Balter (D),"$3,212,469","$3,230,808","$5,647",12/31/2020,NY,24
569,Joseph D Morelle (D)  • Incumbent • Winner,"$1,375,366","$1,274,426","$160,175",12/31/2020,NY,25
570,George Mitris (R),"$301,376","$279,047","$22,329",10/14/2020,NY,25
571,Kevin Wilson (L),"$5,128","$3,417","$1,711",10/14/2020,NY,25
572,Brian M Higgins (D)  • Incumbent • Winner,"$1,124,168","$984,106","$1,111,052",12/31/2020,NY,26
573,Chris Jacobs (R)  • Incumbent • Winner,"$2,147,101","$2,084,271","$62,829",12/31/2020,NY,27
574,Nate McMurray (D),"$1,150,058","$1,097,111","$63,761",11/23/2020,NY,27
575,Duane Whitmer (L),"$36,056","$36,056",$0,12/31/2020,NY,27
576,G K Butterfield (D)  • Incumbent • Winner,"$1,032,869","$880,420","$663,957",12/31/2020,NC,01
577,Sandy Smith (R),"$1,458,375","$1,437,805","$20,570",12/31/2020,NC,01
578,Deborah Ross (D)  • Winner,"$2,268,381","$1,816,923","$451,458",12/31/2020,NC,02
579,Alan Swain (R),"$119,664","$119,435",$229,12/31/2020,NC,02
580,Japheth Matemu (L),$625,$54,$0,06/30/2019,NC,02
581,Greg Murphy (R)  • Incumbent • Winner,"$1,767,790","$1,505,559","$262,231",12/31/2020,NC,03
582,David Price (D)  • Incumbent • Winner,"$1,161,738","$1,014,872","$313,316",12/31/2020,NC,04
583,Virginia Foxx (R)  • Incumbent • Winner,"$1,858,388","$1,944,629","$2,340,884",12/31/2020,NC,05
584,David Wilson Brown (D),"$61,596","$60,668",-$228,12/31/2020,NC,05
585,Kathy Manning (D)  • Winner,"$2,002,284","$1,695,596","$312,340",12/31/2020,NC,06
586,Joseph Lee Haywood (R),"$73,878","$58,342","$15,537",12/31/2020,NC,06
587,Jennyfer Bucardo (I),$750,$759,$10,02/12/2020,NC,06
588,David Rouzer (R)  • Incumbent • Winner,"$1,628,458","$1,038,883","$1,428,500",12/31/2020,NC,07
589,Christopher Ward (D),"$16,260","$4,119","$7,249",09/30/2020,NC,07
590,Richard Hudson (R)  • Incumbent • Winner,"$4,135,872","$4,359,009","$230,918",12/31/2020,NC,08
591,Patricia Timmons-Goodson (D),"$3,855,743","$3,852,668","$3,075",12/31/2020,NC,08
592,Dan Bishop (R)  • Incumbent • Winner,"$4,090,260","$4,029,864","$60,396",12/31/2020,NC,09
593,Cynthia Wallace (D),"$811,609","$794,300","$17,310",12/31/2020,NC,09
594,Patrick McHenry (R)  • Incumbent • Winner,"$2,780,234","$2,339,363","$1,706,970",12/31/2020,NC,10
595,David Parker (D),"$30,555","$30,555",$0,12/31/2020,NC,10
596,Madison Cawthorn (R)  • Winner,"$4,478,970","$4,366,783","$112,186",12/31/2020,NC,11
597,Moe Davis (D),"$2,251,413","$2,148,121","$103,292",12/31/2020,NC,11
598,Alma Adams (D)  • Incumbent • Winner,"$824,124","$651,883","$346,673",12/31/2020,NC,12
599,Bill Brewster (R),"$21,950","$16,763","$5,187",09/30/2019,NC,12
600,Ted Budd (R)  • Incumbent • Winner,"$2,294,174","$1,293,414","$1,070,999",12/31/2020,NC,13
601,Scott Huffman (D),"$193,334","$189,967","$4,634",12/31/2020,NC,13
602,Kelly Armstrong (R)  • Incumbent • Winner,"$1,269,346","$1,080,105","$305,708",12/31/2020,ND,01
603,Zach Raknerud (D),"$28,047","$26,029","$2,285",12/31/2020,ND,01
604,Steve Chabot (R)  • Incumbent • Winner,"$3,177,647","$2,861,464","$34,508",12/31/2020,OH,01
605,Kate Schroder (D),"$4,040,303","$4,039,798",$505,12/31/2020,OH,01
606,Kevin Kahn (L),"$12,085","$8,398","$3,687",12/31/2020,OH,01
607,Brad Wenstrup (R)  • Incumbent • Winner,"$1,794,354","$1,757,078","$461,246",12/31/2020,OH,02
608,Jaime Castle (D),"$284,197","$271,471","$12,726",12/31/2020,OH,02
609,Joyce Beatty (D)  • Incumbent • Winner,"$2,237,887","$2,540,687","$961,442",12/31/2020,OH,03
610,Nicholas Moss (I),"$1,258","$1,248",$0,11/16/2020,OH,03
611,Jim Jordan (R)  • Incumbent • Winner,"$18,313,823","$12,945,651","$6,113,812",12/31/2020,OH,04
612,Chris Gibbs (I),"$65,807","$65,807",$0,07/22/2020,OH,04
613,Bob Latta (R)  • Incumbent • Winner,"$1,580,952","$1,477,090","$719,464",12/31/2020,OH,05
614,Nick Rubando (D),"$249,319","$247,423","$1,996",11/24/2020,OH,05
615,Bill Johnson (R)  • Incumbent • Winner,"$1,866,123","$1,853,361","$858,830",12/31/2020,OH,06
616,Shawna Roberts (D),$262,$574,"$2,128",12/31/2019,OH,06
617,Bob Gibbs (R)  • Incumbent • Winner,"$791,888","$453,928","$491,574",12/31/2020,OH,07
618,Quentin Potter (D),"$12,976","$12,976",$0,12/18/2020,OH,07
619,Brandon Lape (L),"$3,348","$2,713",$635,12/31/2020,OH,07
620,Warren Davidson (R)  • Incumbent • Winner,"$1,016,740","$841,533","$404,715",12/31/2020,OH,08
621,Vanessa Enoch (D),"$40,270","$37,546","$12,877",09/30/2020,OH,08
622,Marcy Kaptur (D)  • Incumbent • Winner,"$1,090,395","$979,798","$772,396",12/31/2020,OH,09
623,Rob Weber (R),"$134,898","$123,262","$11,636",12/31/2020,OH,09
624,Michael R Turner (R)  • Incumbent • Winner,"$1,752,255","$1,736,283","$77,206",12/31/2020,OH,10
625,Desiree Tims (D),"$2,040,760","$2,024,010","$16,750",12/31/2020,OH,10
626,Marcia Fudge (D)  • Incumbent • Winner,"$755,787","$499,820","$1,179,553",12/31/2020,OH,11
627,Laverne Gore (R),"$157,044","$156,827",$218,12/31/2020,OH,11
628,Troy Balderson (R)  • Incumbent • Winner,"$2,016,826","$1,995,665","$43,050",12/31/2020,OH,12
629,Alaina Shearer (D),"$1,033,711","$1,025,410","$8,301",12/31/2020,OH,12
630,John Stewart (L),"$75,170","$66,382","-$9,960",11/23/2020,OH,12
631,Tim Ryan (D)  • Incumbent • Winner,"$1,972,446","$2,071,454","$19,187",12/31/2020,OH,13
632,Christina Hagan (R),"$861,723","$820,660","$41,393",12/31/2020,OH,13
633,David P Joyce (R)  • Incumbent • Winner,"$2,917,696","$2,501,449","$666,492",12/31/2020,OH,14
634,Hillary O'Connor Mueri (D),"$579,877","$574,646","$5,231",12/31/2020,OH,14
635,Steve Stivers (R)  • Incumbent • Winner,"$3,004,799","$2,293,101","$1,121,863",12/31/2020,OH,15
636,Joel Newby (D),"$55,797","$55,797",$0,12/31/2020,OH,15
637,Anthony Gonzalez (R)  • Incumbent • Winner,"$2,338,195","$1,839,807","$564,935",12/31/2020,OH,16
638,Aaron Godfrey (D),"$60,294","$60,430",$476,12/31/2020,OH,16
639,Kevin Hern (R)  • Incumbent • Winner,"$1,094,104","$830,366","$345,198",12/31/2020,OK,01
640,Kojo Asamoa-Caesar (D),"$157,355","$173,928","-$5,637",12/31/2020,OK,01
641,Markwayne Mullin (R)  • Incumbent • Winner,"$1,660,206","$1,077,939","$610,310",12/31/2020,OK,02
642,Danyell Lanier (D),"$41,730","$41,722",$7,12/31/2020,OK,02
643,Frank D Lucas (R)  • Incumbent • Winner,"$872,749","$1,036,145","$282,179",12/31/2020,OK,03
644,Tom Cole (R)  • Incumbent • Winner,"$1,812,530","$1,753,697","$1,277,189",12/31/2020,OK,04
645,Mary Brannon (D),"-$2,084","$1,599","$1,734",12/30/2020,OK,04
646,Kendra Horn (D)  • Incumbent,"$5,949,800","$5,946,195","$103,097",12/31/2020,OK,05
647,Stephanie Bice (R)  • Winner,"$3,720,520","$3,508,929","$211,591",12/31/2020,OK,05
648,Suzanne Bonamici (D)  • Incumbent • Winner,"$959,223","$864,627","$553,346",12/31/2020,OR,01
649,Chris Christensen (R),$144,$672,$0,11/20/2020,OR,01
650,Cliff Bentz (R)  • Winner,"$1,450,780","$1,361,727","$89,054",12/31/2020,OR,02
651,Alex Spenser (D),"$20,640","$5,089","$15,552",12/31/2020,OR,02
652,Earl Blumenauer (D)  • Incumbent • Winner,"$1,813,365","$1,948,453","$757,345",12/31/2020,OR,03
653,Joanna Harbour (R),"$17,681","$14,502","$3,179",12/31/2020,OR,03
654,Peter DeFazio (D)  • Incumbent • Winner,"$5,182,843","$5,781,074","$517,595",12/31/2020,OR,04
655,Alek Skarlatos (R),"$5,454,621","$5,331,264","$123,357",12/31/2020,OR,04
656,Kurt Schrader (D)  • Incumbent • Winner,"$2,018,692","$1,922,073","$2,516,499",12/31/2020,OR,05
657,Amy Ryan Courser (R),"$231,624","$221,041","$10,471",12/31/2020,OR,05
658,Brian Fitzpatrick (R)  • Incumbent • Winner,"$4,203,825","$4,272,135","$48,325",12/31/2020,PA,01
659,Christina Finello (D),"$2,336,814","$2,329,748","$7,066",12/31/2020,PA,01
660,Brendan Boyle (D)  • Incumbent • Winner,"$1,556,650","$756,317","$1,468,741",12/31/2020,PA,02
661,Dwight Evans (D)  • Incumbent • Winner,"$942,386","$781,265","$182,602",12/31/2020,PA,03
662,Madeleine Dean (D)  • Incumbent • Winner,"$1,435,995","$1,005,928","$574,594",12/31/2020,PA,04
663,Kathy Barnette (R),"$1,000,389","$884,640","$115,749",12/31/2020,PA,04
664,Joe Tarshish (I),"$24,038","$23,738",$300,12/31/2020,PA,04
665,Mary Gay Scanlon (D)  • Incumbent • Winner,"$1,455,042","$1,350,276","$218,679",12/31/2020,PA,05
666,Dasha Pruett (R),"$105,146","$82,437","$22,709",12/31/2020,PA,05
667,Chrissy Houlahan (D)  • Incumbent • Winner,"$3,484,484","$1,327,283","$3,109,257",12/31/2020,PA,06
668,John Emmons (R),"$608,859","$601,390","$7,469",12/31/2020,PA,06
669,John McHugh (I),"$6,165","$4,410","$3,242",12/03/2020,PA,06
670,Susan Wild (D)  • Incumbent • Winner,"$4,581,056","$4,528,267","$78,696",12/31/2020,PA,07
671,Matt Cartwright (D)  • Incumbent • Winner,"$3,885,136","$4,144,070","$170,866",12/31/2020,PA,08
672,Jim Bognet (R),"$1,519,527","$1,386,040","$133,487",12/31/2020,PA,08
673,Dan Meuser (R)  • Incumbent • Winner,"$1,071,961","$944,010","$140,610",12/31/2020,PA,09
674,Gary Wegman (D),"$188,787","$187,348","$1,600",12/31/2020,PA,09
675,Scott Perry (R)  • Incumbent,"$3,956,481","$3,839,197","$171,329",12/31/2020,PA,10
676,Eugene DePasquale (D),"$4,534,580","$4,526,684","$7,896",12/31/2020,PA,10
677,Lloyd Smucker (R)  • Incumbent • Winner,"$1,349,318","$662,704","$696,775",12/31/2020,PA,11
678,Sarah Hammond (D),"$28,733","$23,458","$5,287",12/31/2020,PA,11
679,Fred Keller (R)  • Incumbent • Winner,"$1,541,938","$1,066,158","$475,779",12/31/2020,PA,12
680,Lee Griffin (D),"$45,850","$44,571","$1,279",12/31/2020,PA,12
681,Liz Terwilliger (L),"$6,211","$5,937","$3,121",12/31/2020,PA,12
682,John Joyce (R)  • Incumbent • Winner,"$1,119,769","$461,229","$718,883",12/31/2020,PA,13
683,Todd Rowley (D),"$60,348","$67,527",$253,12/31/2020,PA,13
684,Guy Reschenthaler (R)  • Incumbent • Winner,"$2,250,282","$1,580,488","$687,580",12/31/2020,PA,14
685,Bill Marx (D),"$60,403","$45,959","$14,444",12/31/2020,PA,14
686,Glenn Thompson (R)  • Incumbent • Winner,"$1,700,061","$1,839,073","$93,177",12/31/2020,PA,15
687,Mike Kelly (R)  • Incumbent • Winner,"$2,239,488","$1,319,340","$958,525",12/31/2020,PA,16
688,Kristy Gnibus (D),"$584,205","$579,453","$4,751",12/31/2020,PA,16
689,Conor Lamb (D)  • Incumbent • Winner,"$4,063,114","$3,448,850","$852,818",12/31/2020,PA,17
690,Sean Parnell (R),"$3,935,774","$3,732,399","$203,375",12/31/2020,PA,17
691,Mike Doyle (D)  • Incumbent • Winner,"$1,008,711","$999,692","$265,897",12/31/2020,PA,18
692,Luke Negron (R),"$57,714","$51,666","$6,048",12/31/2020,PA,18
693,David Cicilline (D)  • Incumbent • Winner,"$1,574,854","$1,743,173","$529,048",12/31/2020,RI,01
694,Jim Langevin (D)  • Incumbent • Winner,"$1,102,312","$1,422,339","$711,473",12/31/2020,RI,02
695,Bob Lancia (R),"$55,549","$47,877","$7,673",12/31/2020,RI,02
696,Joe Cunningham (D)  • Incumbent,"$6,941,746","$6,993,962","$6,372",12/31/2020,SC,01
697,Nancy Mace (R)  • Winner,"$5,766,726","$5,707,239","$59,487",12/31/2020,SC,01
698,Joe Wilson (R)  • Incumbent • Winner,"$1,648,065","$1,723,956","$74,366",12/31/2020,SC,02
699,Adair Boroughs (D),"$2,510,526","$2,507,664","$2,862",12/31/2020,SC,02
700,Jeff Duncan (R)  • Incumbent • Winner,"$1,509,647","$1,271,872","$482,411",12/31/2020,SC,03
701,Hosea Cleveland (D),"$43,214","$45,107",$0,12/31/2020,SC,03
702,William Timmons (R)  • Incumbent • Winner,"$977,784","$982,233","$8,690",12/31/2020,SC,04
703,Kim Nelson (D),"$167,825","$167,508",$317,12/31/2020,SC,04
704,Ralph Norman (R)  • Incumbent • Winner,"$991,246","$859,747","$727,939",12/31/2020,SC,05
705,Moe Brown (D),"$480,648","$477,295","$3,353",12/31/2020,SC,05
706,James E Clyburn (D)  • Incumbent • Winner,"$3,406,945","$2,332,128","$1,980,495",12/31/2020,SC,06
707,Tom Rice (R)  • Incumbent • Winner,"$1,405,738","$1,242,208","$1,121,354",12/31/2020,SC,07
708,Melissa Watson (D),"$147,623","$147,623",$0,12/31/2020,SC,07
709,Larry Guy Hammond (L),$199,$199,$0,10/03/2020,SC,07
710,Dusty Johnson (R)  • Incumbent • Winner,"$1,693,504","$699,356","$1,050,141",12/31/2020,SD,01
711,Diana Harshbarger (R)  • Winner,"$2,126,946","$1,869,100","$257,846",12/31/2020,TN,01
712,Blair Nicole Walsingham (D),"$140,209","$134,995","$5,215",10/14/2020,TN,01
713,Tim Burchett (R)  • Incumbent • Winner,"$1,336,276","$878,488","$593,678",12/31/2020,TN,02
714,Renee Hoyos (D),"$812,784","$816,793",$210,12/31/2020,TN,02
715,Chuck Fleischmann (R)  • Incumbent • Winner,"$1,051,653","$381,411","$1,880,341",12/31/2020,TN,03
716,Meg Gorman (D),"$85,843","$77,760","$8,083",12/31/2020,TN,03
717,Scott Desjarlais (R)  • Incumbent • Winner,"$331,464","$392,499","$302,649",12/31/2020,TN,04
718,Christopher Hale (D),"$308,731","$302,996","$5,735",12/31/2020,TN,04
719,Jim Cooper (D)  • Incumbent • Winner,"$936,569","$1,332,131","$272,934",12/31/2020,TN,05
720,John Rose (R)  • Incumbent • Winner,"$1,050,429","$625,688","$454,375",12/31/2020,TN,06
721,Mark Green (R)  • Incumbent • Winner,"$1,194,960","$935,487","$287,889",12/31/2020,TN,07
722,Kiran Sreepada (D),"$206,644","$207,191",$0,12/31/2020,TN,07
723,Ronald Brown (I),"$1,750",$0,"$9,006",12/31/2020,TN,07
724,Scott Vieira Jr (I),$655,"$1,049",-$197,10/14/2020,TN,07
725,David Kustoff (R)  • Incumbent • Winner,"$1,641,217","$999,285","$713,832",12/31/2020,TN,08
726,Erika Stotts Pearson (D),"$19,070","$15,883","$4,137",12/31/2020,TN,08
727,Steve Cohen (D)  • Incumbent • Winner,"$607,570","$457,311","$1,216,119",12/31/2020,TN,09
728,Charlotte Bergmann (R),"$99,147","$100,532","$2,566",12/31/2020,TN,09
729,Dennis Clark (I),"$9,991","$9,919",$40,11/23/2020,TN,09
730,Louis B Gohmert Jr. (R)  • Incumbent • Winner,"$552,915","$580,441","$33,662",12/31/2020,TX,01
731,Hank Gilbert (D),"$968,155","$734,411","$233,744",12/31/2020,TX,01
732,Dan Crenshaw (R)  • Incumbent • Winner,"$19,427,865","$17,596,329","$1,852,715",12/31/2020,TX,02
733,Sima Ladjevardian (D),"$3,832,697","$3,825,287","$7,410",12/31/2020,TX,02
734,Elliott Scheirman (L),"$15,374","$14,296",-$942,11/23/2020,TX,02
735,Van Taylor (R)  • Incumbent • Winner,"$2,655,327","$2,825,378","$22,498",12/31/2020,TX,03
736,Helane Seikaly (D),"$1,635,185","$1,634,843",$342,12/31/2020,TX,03
737,Patrick Fallon (R)  • Winner,"$257,174","$95,065","$162,109",12/31/2020,TX,04
738,Tracy Shawn Jones (I),"$13,002","$10,595","$2,407",12/31/2020,TX,04
739,Lance Gooden (R)  • Incumbent • Winner,"$1,610,327","$1,311,983","$452,535",12/31/2020,TX,05
740,Carolyn Salter (D),"$317,848","$289,112","$28,736",12/31/2020,TX,05
741,Kevin Hale (L),"$18,405","$6,508","$11,678",10/14/2020,TX,05
742,Ron Wright (R)  • Incumbent • Winner,"$912,134","$907,693","$6,834",12/31/2020,TX,06
743,Stephen Daniel (D),"$680,402","$677,568","$2,834",12/31/2020,TX,06
744,Lizzie Fletcher (D)  • Incumbent • Winner,"$6,265,165","$6,246,136","$61,097",12/31/2020,TX,07
745,Wesley Hunt (R),"$7,524,064","$7,300,122","$223,942",12/31/2020,TX,07
746,Kevin Brady (R)  • Incumbent • Winner,"$3,570,477","$3,190,447","$1,102,667",12/31/2020,TX,08
747,Elizabeth Hernandez (D),"$17,227","$14,981","$1,985",10/14/2020,TX,08
748,Al Green (D)  • Incumbent • Winner,"$460,332","$486,155","$239,806",12/31/2020,TX,09
749,Johnny Teague (R),"$89,965","$88,366",$150,12/31/2020,TX,09
750,Michael McCaul (R)  • Incumbent • Winner,"$3,856,477","$3,910,930","$7,734",12/31/2020,TX,10
751,Mike Siegel (D),"$2,873,926","$2,829,765","$47,652",12/31/2020,TX,10
752,August Pfluger (R)  • Winner,"$2,578,540","$1,984,134","$594,406",12/31/2020,TX,11
753,Jon Mark Hogg (D),"$137,730","$135,141","$2,589",12/31/2020,TX,11
754,Kay Granger (R)  • Incumbent • Winner,"$3,161,288","$3,271,815","$310,674",12/31/2020,TX,12
755,Lisa Welch (D),"$98,465","$98,475",-$10,12/31/2020,TX,12
756,Trey Holcomb (L),$967,$457,$510,06/30/2020,TX,12
757,Ronny Jackson (R)  • Winner,"$2,128,271","$1,741,132","$387,139",12/31/2020,TX,13
758,Gus Trujillo (D),"$22,826","$18,820","$4,006",11/23/2020,TX,13
759,Randy Weber (R)  • Incumbent • Winner,"$936,202","$924,659","$471,407",12/31/2020,TX,14
760,Adrienne Bell (D),"$244,754","$240,934","$8,921",12/31/2020,TX,14
761,Cyrus Sajna (I),"$35,096","$34,942",$609,09/30/2020,TX,14
762,Michael David Sanchez (I),$100,$12,$88,09/30/2020,TX,14
763,Vicente Gonzalez (D)  • Incumbent • Winner,"$1,008,381","$657,500","$1,371,492",12/31/2020,TX,15
764,Monica De La Cruz Hernandez (R),"$344,893","$338,832","$7,506",12/31/2020,TX,15
765,Veronica Escobar (D)  • Incumbent • Winner,"$1,135,549","$1,087,693","$284,855",12/31/2020,TX,16
766,Irene Armendariz-Jackson (R),"$168,997","$153,671","$16,242",12/31/2020,TX,16
767,Pete Sessions (R)  • Winner,"$1,447,958","$1,658,637","$165,990",12/31/2020,TX,17
768,Rick Kennedy (D),"$200,668","$202,096",$0,11/23/2020,TX,17
769,Ted Brown (L),"$3,041","$3,041",$0,12/29/2020,TX,17
770,Sheila Jackson Lee (D)  • Incumbent • Winner,"$924,480","$838,414","$167,820",12/31/2020,TX,18
771,Wendell Champion (R),"$305,645","$271,278","$34,367",11/23/2020,TX,18
772,Jodey Arrington (R)  • Incumbent • Winner,"$2,497,184","$1,932,700","$1,099,354",12/31/2020,TX,19
773,Tom Watson (D),"$49,405","$60,806","-$20,984",12/31/2020,TX,19
774,Joaquin Castro (D)  • Incumbent • Winner,"$674,061","$686,934","$115,747",12/31/2020,TX,20
775,Mauro Garza (R),"$263,293","$240,930","$45,852",12/31/2020,TX,20
776,Chip Roy (R)  • Incumbent • Winner,"$5,005,639","$4,679,362","$463,583",12/31/2020,TX,21
777,Wendy Davis (D),"$10,263,486","$10,201,874","$61,611",12/31/2020,TX,21
778,Michael Felts (I),"$3,570","$1,851","$3,354",06/30/2019,TX,21
779,Sri Kulkarni (D),"$5,639,061","$5,630,098","$36,731",12/31/2020,TX,22
780,Troy Nehls (R)  • Winner,"$1,806,655","$1,787,448","$24,807",12/31/2020,TX,22
781,Gina Ortiz Jones (D),"$6,755,222","$6,842,440","$4,301",12/31/2020,TX,23
782,Tony Gonzales (R)  • Winner,"$2,797,133","$2,764,108","$33,026",12/31/2020,TX,23
783,Candace Valenzuela (D),"$4,886,999","$4,875,031","$11,967",12/31/2020,TX,24
784,Beth Van Duyne (R)  • Winner,"$3,410,852","$3,342,442","$68,410",12/31/2020,TX,24
785,Stephen Kuzmich (I),"$175,504","$201,332","$2,073",12/10/2020,TX,24
786,Mark Bauer (I),"$26,342","$26,542",-$200,12/31/2020,TX,24
787,Darren Hamilton (L),$570,$212,$358,11/23/2020,TX,24
788,Roger Williams (R)  • Incumbent • Winner,"$2,435,121","$3,347,267","$11,542",12/31/2020,TX,25
789,Julie Oliver (D),"$2,190,347","$2,176,319","$14,028",12/31/2020,TX,25
790,Michael Burgess (R)  • Incumbent • Winner,"$1,806,588","$2,081,391","$142,497",12/31/2020,TX,26
791,Carol Iannuzzi (D),"$95,937","$95,937",$0,12/31/2020,TX,26
792,Michael Cloud (R)  • Incumbent • Winner,"$1,014,427","$829,748","$242,372",12/31/2020,TX,27
793,Ricardo De La Fuente (D),"$312,096","$312,096",$0,12/10/2020,TX,27
794,Henry Cuellar (D)  • Incumbent • Winner,"$2,655,317","$3,650,848","$1,550,473",12/31/2020,TX,28
795,Sandra Whitten (R),"$24,760","$27,354","-$1,770",12/31/2020,TX,28
796,Sylvia Garcia (D)  • Incumbent • Winner,"$818,984","$758,382","$247,599",12/31/2020,TX,29
797,Jaimy Blanco (R),"$4,378",$0,"$4,378",09/30/2020,TX,29
798,Eddie Bernice Johnson (D)  • Incumbent • Winner,"$589,096","$494,547","$415,685",12/31/2020,TX,30
799,Demetrick Pennie (R),"$311,109","$305,446","$5,663",12/31/2020,TX,30
800,John Carter (R)  • Incumbent • Winner,"$2,160,187","$2,214,487","$200,406",12/31/2020,TX,31
801,Donna Imam (D),"$1,035,222","$1,035,272",-$50,12/31/2020,TX,31
802,Colin Allred (D)  • Incumbent • Winner,"$5,667,725","$5,611,747","$159,422",12/31/2020,TX,32
803,Genevieve Collins (R),"$5,923,081","$5,915,256","$7,825",12/31/2020,TX,32
804,Jason Sigmon (I),"$11,791","$11,651",$154,12/31/2020,TX,32
805,Marc Veasey (D)  • Incumbent • Winner,"$1,621,929","$1,613,446","$468,344",12/31/2020,TX,33
806,Fabian Cordova Vasquez (R),"$36,692","$25,585","$11,107",11/23/2020,TX,33
807,Filemon Vela (D)  • Incumbent • Winner,"$983,026","$1,024,180","$564,720",12/31/2020,TX,34
808,Rey Gonzalez (R),"$37,118","$37,446","-$2,950",12/31/2020,TX,34
809,Lloyd Doggett (D)  • Incumbent • Winner,"$1,336,576","$424,804","$5,205,475",12/31/2020,TX,35
810,Jennifer Sharon (R),"$19,011","$14,442","$4,569",12/31/2020,TX,35
811,Jason Mata (I),"$2,632","$2,632",$0,11/03/2020,TX,35
812,Brian Babin (R)  • Incumbent • Winner,"$1,345,351","$1,297,185","$785,081",12/31/2020,TX,36
813,Brandon Rashad Lewis (D),"$21,714","$12,278","$10,813",12/04/2020,TX,36
814,Blake Moore (R)  • Winner,"$844,377","$816,015","$28,362",12/31/2020,UT,01
815,Darren Parry (D),"$41,218","$40,904",$315,12/31/2020,UT,01
816,Chris Stewart (R)  • Incumbent • Winner,"$835,139","$812,462","$164,694",12/31/2020,UT,02
817,John Kael Weston (D),"$344,774","$306,872","$37,905",12/31/2020,UT,02
818,Joe Jarvis (3),"$22,989","$22,989",$0,03/31/2020,UT,02
819,John Curtis (R)  • Incumbent • Winner,"$874,311","$687,265","$351,305",12/31/2020,UT,03
820,Devin Thorpe (D),"$191,412","$190,200","$1,211",12/31/2020,UT,03
821,Thomas G. McNeill (3),"$5,516","$5,516",$0,12/31/2020,UT,03
822,Russel Fugal (I),$393,$346,$46,03/31/2020,UT,03
823,Ben McAdams (D)  • Incumbent,"$5,613,542","$5,555,591","$136,323",12/31/2020,UT,04
824,Burgess Owens (R)  • Winner,"$5,129,475","$5,049,146","$80,329",12/31/2020,UT,04
825,Jonia Broderick (3),"$21,394","$21,265","$1,002",10/23/2020,UT,04
826,Peter Welch (D)  • Incumbent • Winner,"$847,320","$865,252","$2,107,307",12/31/2020,VT,01
827,Rob Wittman (R)  • Incumbent • Winner,"$1,969,785","$2,140,375","$187,331",12/31/2020,VA,01
828,Qasim Rashid (D),"$1,559,108","$1,559,108",$0,12/30/2020,VA,01
829,Elaine Luria (D)  • Incumbent • Winner,"$6,522,276","$6,387,474","$142,175",12/31/2020,VA,02
830,Scott Taylor (R),"$2,452,292","$2,446,410","$22,613",12/31/2020,VA,02
831,Bobby Scott (D)  • Incumbent • Winner,"$873,126","$832,419","$212,393",12/31/2020,VA,03
832,John Collick (R),"$167,146","$165,080","$2,189",12/31/2020,VA,03
833,Donald McEachin (D)  • Incumbent • Winner,"$961,412","$963,788","$209,132",12/31/2020,VA,04
834,Leon Benjamin (R),"$545,354","$523,429","$21,925",12/31/2020,VA,04
835,Cameron Webb (D),"$5,755,917","$5,750,924","$4,993",12/31/2020,VA,05
836,Bob Good (R)  • Winner,"$1,373,867","$1,323,530","$50,336",12/31/2020,VA,05
837,Ben Cline (R)  • Incumbent • Winner,"$892,955","$672,928","$238,774",12/31/2020,VA,06
838,Nicholas Betts (D),"$56,190","$54,205",$0,12/31/2020,VA,06
839,Abigail Spanberger (D)  • Incumbent • Winner,"$8,387,680","$7,852,213","$582,133",12/31/2020,VA,07
840,Nick Freitas (R),"$3,629,431","$3,600,108","$29,323",12/31/2020,VA,07
841,Don Beyer (D)  • Incumbent • Winner,"$1,729,482","$2,071,906","$640,022",12/31/2020,VA,08
842,Jeff Jordan (R),"$96,035","$96,035",$0,11/23/2020,VA,08
843,Heerak Christian Kim (I),"$2,036","$1,921",$114,12/31/2020,VA,08
844,Morgan Griffith (R)  • Incumbent • Winner,"$873,612","$463,916","$421,442",12/31/2020,VA,09
845,Jennifer Wexton (D)  • Incumbent • Winner,"$3,855,331","$1,772,250","$2,140,698",12/31/2020,VA,10
846,Aliscia Andrews (R),"$1,567,598","$1,413,145","$158,052",12/31/2020,VA,10
847,Gerry Connolly (D)  • Incumbent • Winner,"$1,998,592","$1,811,776","$2,891,921",12/31/2020,VA,11
848,Manga Anantatmula (R),"$282,152","$268,326","$13,826",12/31/2020,VA,11
849,Stevan Porter (L),$533,"$1,316",$149,12/31/2020,VA,11
850,Suzan DelBene (D)  • Incumbent • Winner,"$2,182,985","$1,897,162","$1,339,118",12/31/2020,WA,01
851,Jeffrey Beeler (R),"$61,970","$62,279","$4,040",12/31/2020,WA,01
852,Rick Larsen (D)  • Incumbent • Winner,"$1,275,127","$1,219,489","$327,798",12/31/2020,WA,02
853,Tim Hazelo (R),"$49,478","$49,322",$156,12/31/2020,WA,02
854,Jaime Herrera Beutler (R)  • Incumbent • Winner,"$4,566,383","$4,540,148","$75,202",12/31/2020,WA,03
855,Carolyn Long (D),"$4,130,540","$4,142,685","$18,007",12/31/2020,WA,03
856,Dan Newhouse (R)  • Incumbent • Winner,"$1,173,464","$991,174","$299,719",12/31/2020,WA,04
857,Doug McKinley (D),"$57,666","$54,227","$3,440",12/31/2020,WA,04
858,Cathy McMorris Rodgers (R)  • Incumbent • Winner,"$4,349,448","$3,432,572","$1,075,550",12/31/2020,WA,05
859,Dave Wilson (D),"$109,636","$109,636",$0,11/17/2020,WA,05
860,Derek Kilmer (D)  • Incumbent • Winner,"$2,524,026","$2,531,111","$2,988,099",12/31/2020,WA,06
861,Elizabeth Kreiselmaier (R),"$156,123","$145,108","$11,015",12/31/2020,WA,06
862,Pramila Jayapal (D)  • Incumbent • Winner,"$2,630,000","$1,530,626","$1,783,613",12/31/2020,WA,07
863,Craig Keller (R),"$2,904","$3,703",$14,12/31/2020,WA,07
864,Kim Schrier (D)  • Incumbent • Winner,"$5,422,491","$3,774,398","$1,717,753",12/31/2020,WA,08
865,Jesse Jensen (R),"$852,396","$842,269","$10,127",12/31/2020,WA,08
866,Adam Smith (D)  • Incumbent • Winner,"$1,324,761","$930,710","$585,828",12/31/2020,WA,09
867,Doug Basler (R),"$22,536","$18,328","$4,790",12/31/2020,WA,09
868,Marilyn Strickland (D)  • Winner,"$1,812,659","$1,780,633","$32,026",12/31/2020,WA,10
869,Beth Doglio (D),"$1,477,678","$1,477,678",$0,12/31/2020,WA,10
870,David McKinley (R)  • Incumbent • Winner,"$1,092,609","$1,085,864","$393,211",12/31/2020,WV,01
871,Natalie Ms. Cline (D),"$81,032","$81,881",$0,12/15/2020,WV,01
872,Alex Mooney (R)  • Incumbent • Winner,"$2,155,978","$864,001","$2,308,154",12/31/2020,WV,02
873,Catherine Kunkel (D),"$641,567","$641,567",$0,12/04/2020,WV,02
874,Carol Miller (R)  • Incumbent • Winner,"$869,210","$720,796","$167,007",12/31/2020,WV,03
875,Hilary Turner (D),"$99,214","$98,769",$446,12/31/2020,WV,03
876,Belinda Fox-Spencer (I),"$5,207","$5,207",$0,11/23/2020,WV,03
877,Bryan Steil (R)  • Incumbent • Winner,"$3,500,849","$3,151,701","$375,503",12/31/2020,WI,01
878,Roger Polack (D),"$536,228","$526,431","$9,797",12/31/2020,WI,01
879,Mark Pocan (D)  • Incumbent • Winner,"$1,290,582","$1,014,628","$851,013",12/31/2020,WI,02
880,Peter Theron (R),"$35,753","$33,977","$4,722",12/31/2020,WI,02
881,Ron Kind (D)  • Incumbent • Winner,"$2,989,262","$4,435,403","$877,172",12/31/2020,WI,03
882,Derrick Van Orden (R),"$1,962,443","$1,948,639","$13,804",12/31/2020,WI,03
883,Gwen Moore (D)  • Incumbent • Winner,"$1,183,995","$1,166,739","$34,000",12/31/2020,WI,04
884,Scott Fitzgerald (R)  • Winner,"$1,155,721","$968,406","$187,315",12/31/2020,WI,05
885,Tom Palzewicz (D),"$370,392","$371,799",$0,12/31/2020,WI,05
886,Glenn S Grothman (R)  • Incumbent • Winner,"$1,815,756","$1,736,659","$269,431",12/31/2020,WI,06
887,Jessica King (D),"$287,753","$245,788","$41,965",12/31/2020,WI,06
888,Tom Tiffany (R)  • Incumbent • Winner,"$2,637,459","$2,514,740","$122,719",12/31/2020,WI,07
889,Tricia Zunker (D),"$1,261,957","$1,232,690","$29,267",12/31/2020,WI,07
890,Mike Gallagher (R)  • Incumbent • Winner,"$3,202,905","$2,841,801","$1,169,362",12/31/2020,WI,08
891,Amanda Stuck (D),"$416,978","$399,916","$2,165",12/31/2020,WI,08
892,Liz Cheney (R)  • Incumbent • Winner,"$3,003,883","$3,060,167","$153,567",12/31/2020,WY,01
893,Lynnette Grey Bull (D),"$134,597","$132,235","$2,363",12/31/2020,WY,01
